step,num_vehicles,avg_waiting_time,queue_length
0,8,0.0,0
1,12,0.0,0
2,12,0.0,0
3,12,0.0,0
4,12,0.08333333333333333,1
5,10,0.3,2
6,10,0.8,5
7,8,1.625,5
8,8,2.375,6
9,17,1.4705882352941178,6
10,18,1.7777777777777777,7
11,18,2.1666666666666665,7
12,18,2.5555555555555554,7
13,18,3.0,8
14,17,3.823529411764706,11
15,15,5.133333333333334,12
16,15,5.933333333333334,12
17,14,7.214285714285714,12
18,21,5.380952380952381,12
19,22,5.7272727272727275,13
20,22,6.318181818181818,13
21,22,6.909090909090909,13
22,22,7.590909090909091,15
23,20,9.15,16
24,20,9.95,16
25,18,11.944444444444445,16
26,18,12.833333333333334,16
27,22,11.227272727272727,16
28,24,11.0,17
29,24,11.708333333333334,17
30,24,12.458333333333334,18
31,23,13.782608695652174,18
32,22,15.227272727272727,18
33,22,16.045454545454547,18
34,20,18.55,18
35,20,19.45,18
36,23,17.695652173913043,18
37,24,17.708333333333332,18
38,24,18.458333333333332,18
39,24,19.208333333333332,18
40,23,20.82608695652174,18
41,22,22.59090909090909,18
42,22,23.40909090909091,18
43,19,28.05263157894737,18
44,19,29.0,18
45,22,15.545454545454545,12
46,22,7.2727272727272725,6
47,24,0.0,0
48,24,0.041666666666666664,1
49,28,0.21428571428571427,5
50,29,0.4482758620689655,7
51,27,0.8148148148148148,9
52,27,1.2222222222222223,11
53,25,1.84,13
54,30,1.9666666666666666,13
55,29,2.4827586206896552,13
56,29,2.9310344827586206,13
57,28,3.5357142857142856,14
58,27,4.2592592592592595,16
59,27,4.481481481481482,16
60,25,5.12,15
61,24,5.041666666666667,13
62,22,5.5,12
63,26,4.615384615384615,11
64,26,4.576923076923077,10
65,26,5.0,11
66,24,5.958333333333333,13
67,23,6.826086956521739,14
68,23,7.478260869565218,15
69,23,7.869565217391305,14
70,22,8.727272727272727,14
71,21,9.666666666666666,13
72,22,9.727272727272727,12
73,24,9.416666666666666,12
74,22,10.818181818181818,12
75,24,10.416666666666666,12
76,22,11.954545454545455,13
77,23,12.0,13
78,23,12.434782608695652,12
79,22,13.545454545454545,12
80,20,15.5,12
81,22,14.636363636363637,12
82,23,14.521739130434783,12
83,23,15.043478260869565,12
84,24,14.916666666666666,12
85,22,16.863636363636363,13
86,22,17.5,14
87,23,17.130434782608695,12
88,23,17.652173913043477,12
89,20,20.9,12
90,21,9.476190476190476,8
91,23,0.2608695652173913,4
92,23,0.43478260869565216,4
93,28,0.6071428571428571,7
94,28,0.9642857142857143,10
95,30,1.2666666666666666,12
96,28,1.8571428571428572,14
97,27,2.4814814814814814,15
98,27,3.074074074074074,16
99,32,3.09375,16
100,31,3.7419354838709675,17
101,32,4.15625,17
102,31,4.870967741935484,18
103,29,5.862068965517241,19
104,29,6.551724137931035,20
105,27,7.777777777777778,20
106,26,8.384615384615385,19
107,27,7.777777777777778,17
108,29,6.931034482758621,15
109,30,6.7,14
110,30,7.166666666666667,14
111,29,7.931034482758621,15
112,29,8.517241379310345,17
113,27,9.74074074074074,17
114,24,11.583333333333334,17
115,24,12.208333333333334,16
116,23,13.434782608695652,16
117,27,12.037037037037036,16
118,29,11.793103448275861,17
119,29,12.379310344827585,17
120,27,13.962962962962964,18
121,28,14.142857142857142,19
122,28,14.821428571428571,20
123,27,16.0,19
124,26,17.307692307692307,19
125,26,17.96153846153846,18
126,27,17.962962962962962,18
127,28,17.964285714285715,18
128,28,18.607142857142858,18
129,28,19.25,18
130,26,21.46153846153846,19
131,28,20.535714285714285,18
132,26,22.807692307692307,18
133,25,24.44,18
134,25,25.2,19
135,26,15.807692307692308,14
136,25,8.08,9
137,26,0.4230769230769231,5
138,26,0.6538461538461539,6
139,31,0.7419354838709677,6
140,31,1.032258064516129,9
141,27,1.5555555555555556,10
142,28,1.9642857142857142,13
143,27,2.5925925925925926,15
144,30,2.8333333333333335,15
145,30,3.3333333333333335,15
146,30,3.8333333333333335,15
147,28,4.642857142857143,15
148,26,5.615384615384615,16
149,28,5.821428571428571,17
150,25,6.68,16
151,25,6.28,14
152,23,6.434782608695652,12
153,28,5.285714285714286,11
154,28,5.25,10
155,26,6.038461538461538,10
156,26,6.5,12
157,25,7.24,13
158,24,8.0,12
159,22,9.272727272727273,12
160,20,10.8,12
161,20,11.4,12
162,22,10.909090909090908,12
163,23,10.956521739130435,12
164,23,11.521739130434783,13
165,23,12.08695652173913,13
166,23,12.73913043478261,15
167,23,13.130434782608695,13
168,22,14.227272727272727,13
169,21,15.476190476190476,13
170,20,16.8,12
171,22,15.818181818181818,12
172,23,15.652173913043478,12
173,23,16.17391304347826,12
174,22,17.454545454545453,12
175,22,18.09090909090909,14
176,23,17.73913043478261,12
177,22,19.09090909090909,12
178,20,21.65,13
179,19,23.473684210526315,13
180,21,10.476190476190476,8
181,22,0.36363636363636365,4
182,24,0.625,7
183,28,0.8214285714285714,8
184,28,1.25,12
185,28,1.6785714285714286,13
186,28,2.2142857142857144,15
187,29,2.689655172413793,16
188,27,3.4814814814814814,16
189,32,3.3125,15
190,33,3.6666666666666665,15
191,30,4.533333333333333,15
192,31,4.935483870967742,17
193,29,5.862068965517241,17
194,30,6.266666666666667,18
195,29,7.137931034482759,19
196,29,7.310344827586207,18
197,27,8.074074074074074,18
198,32,7.0,17
199,31,7.838709677419355,19
200,31,8.451612903225806,19
201,29,9.724137931034482,20
202,28,10.0,19
203,26,10.73076923076923,18
204,25,11.12,17
205,24,12.291666666666666,17
206,25,12.48,17
207,28,11.75,17
208,28,12.357142857142858,17
209,29,12.586206896551724,19
210,28,13.821428571428571,22
211,28,14.392857142857142,20
212,26,16.076923076923077,18
213,26,16.76923076923077,18
214,26,17.46153846153846,18
215,25,18.88,18
216,27,18.14814814814815,18
217,28,18.142857142857142,18
218,28,18.785714285714285,18
219,28,19.5,20
220,28,20.142857142857142,19
221,27,21.48148148148148,18
222,26,23.0,18
223,24,25.708333333333332,19
224,24,26.583333333333332,21
225,26,16.115384615384617,15
226,25,8.4,10
227,26,0.6153846153846154,5
228,27,0.7777777777777778,5
229,29,1.0,8
230,30,1.2666666666666666,9
231,28,1.75,11
232,29,2.1379310344827585,13
233,28,2.7142857142857144,14
234,31,2.935483870967742,15
235,29,3.6551724137931036,15
236,30,4.033333333333333,15
237,29,4.689655172413793,15
238,28,5.464285714285714,17
239,26,6.538461538461538,17
240,25,6.92,16
241,22,7.409090909090909,14
242,21,7.285714285714286,12
243,24,6.0,10
244,26,5.923076923076923,10
245,25,6.6,11
246,24,7.375,12
247,23,8.347826086956522,15
248,23,9.0,15
249,23,9.391304347826088,15
250,21,10.714285714285714,14
251,21,11.19047619047619,13
252,22,11.181818181818182,12
253,23,11.217391304347826,12
254,23,11.73913043478261,12
255,24,11.75,12
256,23,12.826086956521738,13
257,22,14.045454545454545,14
258,23,13.869565217391305,13
259,21,15.714285714285714,12
260,20,17.1,12
261,22,16.09090909090909,12
262,24,15.25,12
263,23,16.434782608695652,12
264,24,16.25,12
265,23,17.47826086956522,12
266,23,18.08695652173913,14
267,23,18.565217391304348,13
268,22,19.90909090909091,12
269,20,22.5,12
270,21,10.380952380952381,6
271,23,0.08695652173913043,2
272,23,0.2608695652173913,4
273,27,0.4074074074074074,5
274,28,0.75,10
275,31,1.1290322580645162,14
276,28,1.7857142857142858,15
277,28,2.357142857142857,16
278,27,3.074074074074074,17
279,31,3.161290322580645,16
280,30,3.8333333333333335,17
281,32,4.125,17
282,31,4.806451612903226,17
283,30,5.533333333333333,17
284,30,6.166666666666667,19
285,27,7.592592592592593,20
286,28,7.571428571428571,19
287,27,8.074074074074074,18
288,29,7.689655172413793,17
289,31,7.741935483870968,17
290,30,8.566666666666666,17
291,29,9.448275862068966,17
292,27,10.037037037037036,17
293,26,10.346153846153847,17
294,24,11.083333333333334,16
295,24,11.75,16
296,25,11.92,16
297,28,11.214285714285714,16
298,28,11.821428571428571,17
299,27,12.88888888888889,17
300,28,13.107142857142858,19
301,28,13.75,19
302,26,15.461538461538462,18
303,26,16.153846153846153,18
304,26,16.846153846153847,18
305,26,17.53846153846154,18
306,28,16.928571428571427,18
307,28,17.571428571428573,18
308,27,18.925925925925927,19
309,27,19.62962962962963,19
310,28,19.535714285714285,19
311,26,21.76923076923077,20
312,26,22.384615384615383,18
313,25,24.0,18
314,24,25.791666666666668,19
315,26,15.5,15
316,24,8.291666666666666,10
317,26,0.46153846153846156,4
318,28,0.6428571428571429,6
319,31,0.8064516129032258,7
320,31,1.1290322580645162,10
321,30,1.6,13
322,28,2.1785714285714284,13
323,27,2.814814814814815,15
324,29,3.1379310344827585,15
325,29,3.6551724137931036,15
326,29,4.172413793103448,15
327,28,4.857142857142857,15
328,27,5.62962962962963,16
329,28,6.035714285714286,17
330,25,7.44,17
331,25,7.0,15
332,21,7.857142857142857,13
333,27,5.703703703703703,11
334,27,5.666666666666667,10
335,26,6.3076923076923075,11
336,24,7.333333333333333,12
337,23,8.26086956521739,14
338,23,8.73913043478261,14
339,20,10.55,12
340,19,11.736842105263158,12
341,20,11.75,12
342,22,11.227272727272727,12
343,23,11.26086956521739,12
344,24,11.291666666666666,12
345,23,12.304347826086957,12
346,22,13.5,14
347,23,13.347826086956522,12
348,23,13.869565217391305,12
349,21,15.761904761904763,12
350,20,17.15,12
351,22,16.136363636363637,12
352,23,15.956521739130435,12
353,24,15.833333333333334,13
354,22,17.772727272727273,12
355,22,18.363636363636363,13
356,23,18.08695652173913,13
357,21,20.333333333333332,12
358,21,20.904761904761905,12
359,19,23.789473684210527,13
360,21,10.714285714285714,8
361,22,0.3181818181818182,4
362,23,0.5217391304347826,5
363,27,0.7407407407407407,8
364,28,1.0357142857142858,9
365,31,1.2580645161290323,10
366,28,1.8214285714285714,12
367,27,2.4074074074074074,14
368,27,3.0,16
369,32,3.03125,16
370,30,3.8,17
371,31,4.225806451612903,17
372,31,4.774193548387097,17
373,29,5.758620689655173,19
374,29,6.448275862068965,20
375,29,7.137931034482759,20
376,28,7.607142857142857,19
377,26,7.884615384615385,17
378,29,6.724137931034483,15
379,28,7.0,14
380,29,7.241379310344827,14
381,30,7.6,18
382,30,8.233333333333333,19
383,27,9.777777777777779,19
384,26,10.692307692307692,18
385,25,11.68,17
386,24,12.75,16
387,29,11.10344827586207,16
388,30,11.3,17
389,29,12.310344827586206,18
390,28,13.392857142857142,18
391,28,14.107142857142858,20
392,26,15.807692307692308,18
393,27,15.88888888888889,18
394,25,17.88,18
395,25,18.6,18
396,28,17.25,18
397,29,17.275862068965516,18
398,29,17.896551724137932,18
399,27,19.88888888888889,18
400,27,20.555555555555557,18
401,28,20.5,19
402,27,21.925925925925927,19
403,26,23.46153846153846,19
404,25,25.2,20
405,28,14.714285714285714,14
406,27,7.62962962962963,10
407,28,0.5,5
408,28,0.75,7
409,31,1.0,10
410,32,1.28125,11
411,29,1.8275862068965518,12
412,29,2.3448275862068964,15
413,30,2.7666666666666666,15
414,32,3.09375,16
415,31,3.7096774193548385,16
416,30,4.366666666666666,16
417,30,4.933333333333334,17
418,29,5.724137931034483,18
419,30,6.133333333333334,18
420,28,7.214285714285714,18
421,26,7.384615384615385,16
422,23,7.956521739130435,14
423,27,6.407407407407407,12
424,27,6.444444444444445,11
425,26,7.115384615384615,11
426,24,8.208333333333334,12
427,24,8.791666666666666,14
428,23,9.608695652173912,13
429,22,10.545454545454545,12
430,19,12.842105263157896,12
431,20,12.8,12
432,22,12.181818181818182,12
433,23,12.173913043478262,12
434,24,12.166666666666666,12
435,22,13.863636363636363,13
436,23,13.869565217391305,14
437,23,14.347826086956522,14
438,22,15.5,13
439,21,16.761904761904763,12
440,20,18.2,12
441,22,17.09090909090909,12
442,23,16.869565217391305,12
443,23,17.391304347826086,12
444,22,18.727272727272727,12
445,22,19.363636363636363,14
446,23,18.956521739130434,12
447,21,21.333333333333332,12
448,19,24.210526315789473,12
449,19,24.94736842105263,14
450,21,10.952380952380953,8
451,21,0.38095238095238093,4
452,24,0.5,4
453,27,0.7777777777777778,9
454,28,1.0357142857142858,9
455,29,1.2758620689655173,9
456,28,1.7142857142857142,11
457,29,2.1379310344827585,14
458,28,2.7857142857142856,16
459,32,2.9375,16
460,32,3.46875,17
461,31,4.129032258064516,17
462,32,4.5625,18
463,31,5.290322580645161,18
464,29,6.344827586206897,20
465,29,7.0344827586206895,20
466,29,7.724137931034483,20
467,29,7.896551724137931,19
468,31,7.032258064516129,17
469,30,6.933333333333334,15
470,28,7.5,14
471,30,7.5,15
472,29,8.310344827586206,16
473,28,9.214285714285714,17
474,26,10.653846153846153,19
475,26,11.307692307692308,18
476,24,12.833333333333334,18
477,28,11.5,17
478,27,12.481481481481481,17
479,28,12.678571428571429,18
480,27,13.814814814814815,18
481,29,13.551724137931034,20
482,28,14.714285714285714,20
483,27,15.851851851851851,19
484,26,17.115384615384617,18
485,25,18.52,18
486,27,17.814814814814813,18
487,28,17.821428571428573,18
488,29,17.82758620689655,18
489,27,19.85185185185185,19
490,28,19.785714285714285,19
491,27,21.22222222222222,19
492,27,21.814814814814813,18
493,26,23.384615384615383,19
494,25,25.12,20
495,27,15.25925925925926,15
496,25,8.28,10
497,27,0.5185185185185185,4
498,27,0.7407407407407407,6
499,31,0.8387096774193549,6
500,31,1.096774193548387,8
501,26,1.6923076923076923,10
502,29,1.9655172413793103,13
503,27,2.5925925925925926,13
504,31,2.7419354838709675,15
505,29,3.4482758620689653,15
506,29,3.9655172413793105,15
507,28,4.642857142857143,15
508,27,5.444444444444445,17
509,26,6.3076923076923075,17
510,26,6.038461538461538,15
511,23,6.608695652173913,14
512,23,6.260869565217392,11
513,27,5.37037037037037,10
514,28,5.535714285714286,10
515,27,6.111111111111111,10
516,26,6.769230769230769,11
517,24,7.875,13
518,24,8.333333333333334,12
519,21,10.095238095238095,12
520,21,10.666666666666666,12
521,21,11.238095238095237,12
522,22,11.272727272727273,12
523,23,11.304347826086957,12
524,24,11.333333333333334,12
525,22,12.954545454545455,13
526,23,12.956521739130435,13
527,23,13.391304347826088,12
528,21,15.238095238095237,12
529,20,16.6,12
530,20,17.2,12
531,22,16.181818181818183,12
532,23,16.0,12
533,23,16.52173913043478,12
534,22,17.863636363636363,13
535,23,17.565217391304348,12
536,23,18.08695652173913,12
537,21,20.38095238095238,12
538,19,23.210526315789473,13
539,19,23.94736842105263,14
540,20,11.3,9
541,21,0.47619047619047616,4
542,22,0.6818181818181818,5
543,26,0.8461538461538461,7
544,28,1.0714285714285714,8
545,31,1.2903225806451613,10
546,28,1.8214285714285714,11
547,29,2.2413793103448274,14
548,27,3.0,16
549,31,3.129032258064516,16
550,32,3.5625,17
551,32,4.09375,17
552,30,4.933333333333334,17
553,29,5.758620689655173,19
554,28,6.678571428571429,20
555,28,7.392857142857143,20
556,28,7.142857142857143,18
557,26,7.423076923076923,16
558,30,6.2,14
559,30,6.666666666666667,14
560,31,6.903225806451613,14
561,30,7.666666666666667,16
562,28,8.785714285714286,18
563,25,10.44,17
564,25,11.04,16
565,24,12.166666666666666,16
566,26,11.846153846153847,16
567,30,10.8,16
568,28,12.178571428571429,17
569,27,13.296296296296296,18
570,27,14.0,19
571,28,14.142857142857142,19
572,28,14.678571428571429,18
573,26,16.5,18
574,25,17.88,18
575,25,18.6,18
576,28,17.25,18
577,29,17.275862068965516,18
578,28,18.535714285714285,18
579,29,18.517241379310345,18
580,28,19.892857142857142,20
581,27,21.22222222222222,18
582,26,22.76923076923077,19
583,26,23.576923076923077,21
584,26,24.384615384615383,21
585,26,16.0,16
586,25,8.4,10
587,26,0.7307692307692307,4
588,26,0.9615384615384616,6
589,31,1.096774193548387,9
590,31,1.4516129032258065,11
591,29,1.9655172413793103,12
592,28,2.5,13
593,27,3.111111111111111,14
594,30,3.3,15
595,29,3.9310344827586206,15
596,30,4.3,15
597,28,5.142857142857143,15
598,27,5.925925925925926,16
599,26,6.8076923076923075,17
600,25,6.76,15
601,23,6.956521739130435,13
602,22,6.909090909090909,11
603,27,5.666666666666667,10
604,27,6.037037037037037,10
605,25,6.92,10
606,26,7.115384615384615,12
607,24,8.25,13
608,23,9.173913043478262,13
609,23,9.652173913043478,13
610,23,10.130434782608695,12
611,20,12.25,12
612,21,12.238095238095237,12
613,24,11.208333333333334,12
614,24,11.75,13
615,24,12.291666666666666,13
616,22,14.0,13
617,22,14.454545454545455,13
618,22,14.954545454545455,12
619,22,15.5,12
620,21,16.80952380952381,12
621,23,15.869565217391305,12
622,22,17.136363636363637,12
623,24,16.208333333333332,12
624,23,17.47826086956522,13
625,22,18.954545454545453,15
626,22,19.545454545454547,15
627,22,20.0,14
628,21,21.38095238095238,12
629,20,23.1,13
630,21,10.857142857142858,7
631,23,0.21739130434782608,3
632,26,0.34615384615384615,4
633,27,0.6296296296296297,8
634,28,0.8214285714285714,8
635,30,1.1666666666666667,12
636,28,1.75,14
637,28,2.3214285714285716,16
638,27,3.0,16
639,30,3.2333333333333334,16
640,30,3.8,17
641,32,4.125,18
642,31,4.838709677419355,18
643,29,5.793103448275862,18
644,29,6.448275862068965,19
645,28,7.392857142857143,20
646,28,7.642857142857143,19
647,26,7.884615384615385,17
648,29,6.724137931034483,15
649,29,6.724137931034483,14
650,29,7.206896551724138,14
651,31,7.225806451612903,15
652,27,8.925925925925926,17
653,26,9.961538461538462,18
654,25,10.96,18
655,24,12.041666666666666,17
656,24,12.625,16
657,27,11.814814814814815,16
658,28,12.0,17
659,29,12.172413793103448,17
660,28,13.25,18
661,28,13.857142857142858,18
662,26,15.653846153846153,19
663,27,15.703703703703704,18
664,25,17.68,18
665,26,17.692307692307693,18
666,26,18.384615384615383,18
667,28,17.714285714285715,18
668,29,17.75862068965517,19
669,28,19.0,18
670,28,19.642857142857142,18
671,26,21.846153846153847,18
672,27,21.703703703703702,18
673,25,24.16,18
674,25,24.96,20
675,28,14.607142857142858,15
676,27,7.592592592592593,10
677,28,0.5,5
678,27,0.7777777777777778,7
679,31,1.0,10
680,32,1.34375,12
681,32,1.78125,14
682,29,2.4482758620689653,14
683,28,3.0714285714285716,15
684,31,3.2903225806451615,16
685,31,3.806451612903226,16
686,31,4.32258064516129,16
687,28,5.392857142857143,17
688,28,6.0,17
689,26,6.653846153846154,16
690,26,6.884615384615385,16
691,26,6.615384615384615,14
692,23,7.086956521739131,12
693,27,6.0,11
694,28,6.178571428571429,11
695,28,6.571428571428571,11
696,24,8.25,14
697,24,8.875,15
698,24,9.291666666666666,14
699,22,10.590909090909092,13
700,20,12.2,12
701,20,12.8,12
702,22,12.181818181818182,12
703,23,12.173913043478262,12
704,24,12.166666666666666,12
705,22,13.863636363636363,13
706,23,13.869565217391305,14
707,23,14.347826086956522,14
708,21,16.238095238095237,13
709,20,17.6,12
710,20,18.2,12
711,22,17.09090909090909,12
712,23,16.869565217391305,12
713,24,16.666666666666668,12
714,22,18.727272727272727,12
715,22,19.318181818181817,13
716,23,19.0,13
717,22,20.363636363636363,12
718,21,21.904761904761905,12
719,19,24.94736842105263,14
720,21,11.238095238095237,10
721,22,0.45454545454545453,4
722,22,0.7272727272727273,6
723,27,0.8518518518518519,7
724,28,1.1071428571428572,8
725,30,1.3666666666666667,10
726,28,1.8928571428571428,13
727,28,2.4285714285714284,15
728,28,2.9285714285714284,15
729,32,3.03125,15
730,31,3.6451612903225805,16
731,32,4.03125,16
732,32,4.5625,17
733,31,5.258064516129032,17
734,30,6.1,20
735,29,7.0,20
736,28,7.964285714285714,20
737,27,7.962962962962963,18
738,29,7.068965517241379,16
739,30,6.466666666666667,14
740,29,7.172413793103448,14
741,28,8.0,16
742,28,8.571428571428571,16
743,26,9.884615384615385,17
744,24,11.333333333333334,16
745,23,12.521739130434783,16
746,22,13.818181818181818,16
747,28,11.428571428571429,16
748,29,11.620689655172415,17
749,28,12.642857142857142,17
750,28,13.321428571428571,19
751,28,14.071428571428571,21
752,27,15.148148148148149,19
753,26,16.384615384615383,18
754,25,17.76,18
755,24,19.25,18
756,28,17.142857142857142,18
757,30,16.6,18
758,28,18.428571428571427,18
759,29,18.448275862068964,19
760,28,19.785714285714285,19
761,27,21.14814814814815,19
762,26,22.653846153846153,19
763,24,25.25,18
764,24,26.083333333333332,20
765,26,15.653846153846153,15
766,25,7.92,10
767,26,0.5,4
768,28,0.6428571428571429,5
769,30,0.8333333333333334,7
770,30,1.1666666666666667,10
771,28,1.6785714285714286,12
772,29,2.103448275862069,14
773,27,2.814814814814815,15
774,31,2.935483870967742,15
775,29,3.6551724137931036,15
776,29,4.172413793103448,15
777,29,4.689655172413793,15
778,28,5.392857142857143,15
779,29,5.758620689655173,16
780,27,6.814814814814815,17
781,25,7.48,16
782,23,8.26086956521739,15
783,28,6.357142857142857,13
784,27,6.518518518518518,12
785,26,6.653846153846154,11
786,25,6.88,12
787,23,8.043478260869565,13
788,22,8.954545454545455,13
789,22,9.5,13
790,21,10.476190476190476,12
791,20,11.6,12
792,22,11.090909090909092,12
793,23,11.130434782608695,12
794,24,11.166666666666666,12
795,23,12.217391304347826,13
796,22,13.409090909090908,14
797,23,13.347826086956522,14
798,22,14.363636363636363,12
799,20,16.4,12
800,20,17.0,12
801,22,16.0,12
802,23,15.826086956521738,12
803,24,15.666666666666666,12
804,23,16.91304347826087,13
805,22,18.272727272727273,13
806,22,18.727272727272727,12
807,22,19.272727272727273,12
808,21,20.80952380952381,13
809,19,23.736842105263158,14
810,21,10.761904761904763,9
811,23,0.43478260869565216,4
812,23,0.6521739130434783,5
813,27,0.8148148148148148,7
814,28,1.0714285714285714,8
815,30,1.3333333333333333,10
816,28,1.8928571428571428,13
817,28,2.4285714285714284,15
818,27,3.111111111111111,16
819,32,3.125,16
820,32,3.65625,17
821,31,4.32258064516129,17
822,30,5.066666666666666,18
823,29,5.862068965517241,18
824,28,6.285714285714286,17
825,27,6.777777777777778,18
826,26,6.846153846153846,16
827,26,7.038461538461538,15
828,31,6.032258064516129,14
829,31,6.483870967741935,14
830,29,7.413793103448276,14
831,29,7.896551724137931,14
832,29,8.448275862068966,16
833,28,9.321428571428571,18
834,24,11.458333333333334,16
835,24,12.125,16
836,23,13.347826086956522,16
837,28,11.535714285714286,16
838,29,11.724137931034482,17
839,28,12.75,17
840,28,13.392857142857142,18
841,28,14.107142857142858,20
842,28,14.75,20
843,26,16.5,18
844,26,17.192307692307693,18
845,24,19.375,18
846,28,17.25,18
847,29,17.275862068965516,18
848,28,18.535714285714285,18
849,29,18.517241379310345,18
850,28,19.892857142857142,20
851,28,20.5,19
852,26,22.73076923076923,18
853,25,24.4,19
854,24,26.208333333333332,19
855,26,15.846153846153847,15
856,25,8.24,10
857,26,0.5,4
858,26,0.6538461538461539,4
859,31,0.7741935483870968,7
860,31,1.064516129032258,9
861,30,1.4,10
862,28,1.9642857142857142,13
863,28,2.4285714285714284,13
864,31,2.6451612903225805,14
865,29,3.3448275862068964,15
866,29,3.896551724137931,16
867,29,4.379310344827586,15
868,26,5.461538461538462,15
869,26,6.115384615384615,17
870,25,7.04,17
871,25,7.2,16
872,24,7.666666666666667,15
873,28,6.142857142857143,13
874,28,6.142857142857143,12
875,28,6.178571428571429,12
876,25,6.96,12
877,25,7.52,14
878,25,8.0,14
879,22,9.727272727272727,15
880,22,10.318181818181818,14
881,22,10.727272727272727,13
882,24,10.25,13
883,24,10.75,13
884,24,11.208333333333334,12
885,23,12.217391304347826,12
886,22,13.363636363636363,13
887,22,13.909090909090908,13
888,23,13.826086956521738,13
889,22,15.0,13
890,20,17.05,12
891,22,16.045454545454547,12
892,24,15.208333333333334,12
893,24,15.708333333333334,12
894,23,16.956521739130434,13
895,22,18.363636363636363,14
896,23,18.0,13
897,21,20.238095238095237,12
898,21,20.80952380952381,12
899,19,23.68421052631579,13
900,21,10.619047619047619,8
901,22,0.3181818181818182,4
902,24,0.5416666666666666,6
903,27,0.7037037037037037,6
904,28,0.9285714285714286,7
905,31,1.1935483870967742,11
906,28,1.75,12
907,28,2.25,14
908,27,2.925925925925926,16
909,32,2.96875,16
910,30,3.7333333333333334,17
911,31,4.161290322580645,17
912,30,4.866666666666666,17
913,29,5.620689655172414,17
914,30,6.066666666666666,19
915,27,7.481481481481482,20
916,28,7.5,19
917,26,7.8076923076923075,17
918,30,6.5,15
919,29,6.827586206896552,14
920,30,7.066666666666666,14
921,30,7.566666666666666,15
922,29,8.413793103448276,17
923,28,9.25,16
924,25,11.04,17
925,24,12.125,16
926,24,12.791666666666666,16
927,28,11.535714285714286,16
928,28,12.178571428571429,18
929,28,12.75,17
930,28,13.392857142857142,18
931,27,14.592592592592593,19
932,27,15.25925925925926,19
933,26,16.53846153846154,19
934,26,17.192307692307693,18
935,25,18.6,18
936,27,17.88888888888889,18
937,28,17.892857142857142,18
938,28,18.535714285714285,18
939,28,19.178571428571427,18
940,26,21.346153846153847,18
941,28,20.464285714285715,18
942,26,22.73076923076923,18
943,26,23.423076923076923,18
944,25,25.16,20
945,26,15.846153846153847,15
946,25,8.2,10
947,26,0.5,4
948,27,0.6666666666666666,5
949,31,0.8064516129032258,7
950,31,1.064516129032258,8
951,28,1.6071428571428572,12
952,28,2.0714285714285716,13
953,29,2.4827586206896552,14
954,29,3.0,15
955,31,3.2903225806451615,15
956,29,4.0344827586206895,15
957,28,4.714285714285714,15
958,27,5.444444444444445,15
959,27,6.074074074074074,17
960,27,6.703703703703703,17
961,25,7.36,16
962,24,7.833333333333333,15
963,28,6.357142857142857,13
964,27,6.148148148148148,11
965,27,6.037037037037037,10
966,26,6.730769230769231,12
967,26,7.1923076923076925,13
968,24,8.291666666666666,13
969,22,9.545454545454545,12
970,21,10.571428571428571,12
971,20,11.7,12
972,22,11.181818181818182,12
973,24,10.75,12
974,23,11.782608695652174,13
975,24,11.75,12
976,22,13.363636363636363,12
977,23,13.304347826086957,12
978,22,14.5,13
979,21,15.714285714285714,12
980,20,17.1,12
981,22,16.09090909090909,12
982,24,15.25,12
983,24,15.75,12
984,23,16.956521739130434,12
985,22,18.272727272727273,12
986,23,18.0,12
987,22,19.363636363636363,12
988,20,21.95,13
989,19,23.894736842105264,15
990,21,10.80952380952381,9
991,22,0.5454545454545454,5
992,23,0.782608695652174,6
993,27,0.9629629629629629,8
994,28,1.25,9
995,30,1.5,10
996,28,2.107142857142857,14
997,27,2.740740740740741,15
998,27,3.3333333333333335,16
999,30,3.533333333333333,16
1000,31,3.967741935483871,17
1001,31,4.516129032258065,17
1002,30,5.233333333333333,17
1003,30,5.833333333333333,18
1004,29,6.689655172413793,19
1005,28,7.642857142857143,20
1006,27,8.148148148148149,19
1007,27,7.814814814814815,17
1008,30,6.733333333333333,15
1009,30,6.833333333333333,14
1010,30,7.3,14
1011,29,8.068965517241379,15
1012,28,9.035714285714286,19
1013,27,9.925925925925926,18
1014,24,11.75,17
1015,24,12.375,16
1016,24,13.041666666666666,16
1017,27,12.185185185185185,16
1018,29,11.931034482758621,17
1019,28,12.964285714285714,17
1020,28,13.642857142857142,19
1021,28,14.357142857142858,20
1022,28,14.892857142857142,18
1023,26,16.73076923076923,18
1024,26,17.423076923076923,18
1025,24,19.625,18
1026,28,17.464285714285715,18
1027,29,17.482758620689655,18
1028,29,18.103448275862068,18
1029,28,19.428571428571427,19
1030,28,20.107142857142858,20
1031,27,21.51851851851852,20
1032,26,23.0,19
1033,26,23.73076923076923,19
1034,24,26.583333333333332,21
1035,25,16.76,15
1036,24,8.75,10
1037,26,0.6153846153846154,4
1038,28,0.75,5
1039,31,0.967741935483871,9
1040,31,1.2903225806451613,11
1041,28,1.7857142857142858,11
1042,29,2.1724137931034484,13
1043,27,2.8518518518518516,14
1044,32,2.84375,14
1045,29,3.6551724137931036,15
1046,28,4.321428571428571,15
1047,29,4.724137931034483,16
1048,27,5.703703703703703,17
1049,27,6.333333333333333,17
1050,25,7.52,17
1051,25,7.64,16
1052,22,8.136363636363637,14
1053,26,6.461538461538462,12
1054,28,6.0,11
1055,28,6.035714285714286,11
1056,25,7.24,12
1057,25,7.8,14
1058,24,8.708333333333334,15
1059,22,10.045454545454545,15
1060,20,11.55,13
1061,20,12.05,12
1062,22,11.5,12
1063,23,11.521739130434783,12
1064,24,11.541666666666666,12
1065,23,12.565217391304348,12
1066,22,13.681818181818182,12
1067,22,14.272727272727273,13
1068,22,14.772727272727273,12
1069,22,15.318181818181818,12
1070,22,15.863636363636363,12
1071,22,16.40909090909091,12
1072,23,16.217391304347824,12
1073,24,16.041666666666668,12
1074,23,17.26086956521739,12
1075,22,18.636363636363637,13
1076,22,19.227272727272727,14
1077,22,19.727272727272727,13
1078,20,22.25,12
1079,19,24.05263157894737,12
1080,21,10.666666666666666,7
1081,22,0.13636363636363635,2
1082,22,0.3181818181818182,4
1083,27,0.4444444444444444,5
1084,28,0.7142857142857143,9
1085,32,0.90625,10
1086,28,1.4642857142857142,12
1087,30,1.8333333333333333,14
1088,27,2.6296296296296298,16
1089,32,2.71875,16
1090,31,3.3548387096774195,17
1091,31,3.903225806451613,17
1092,29,4.793103448275862,18
1093,29,5.413793103448276,18
1094,28,6.321428571428571,20
1095,28,6.607142857142857,19
1096,25,7.24,17
1097,26,6.730769230769231,15
1098,31,5.774193548387097,14
1099,31,6.225806451612903,14
1100,31,6.709677419354839,15
1101,30,7.466666666666667,16
1102,28,8.5,16
1103,25,10.12,16
1104,25,10.76,16
1105,24,11.875,16
1106,24,12.541666666666666,16
1107,27,11.74074074074074,16
1108,28,11.928571428571429,17
1109,28,12.571428571428571,18
1110,27,13.703703703703704,18
1111,28,13.821428571428571,19
1112,27,14.962962962962964,18
1113,26,16.23076923076923,18
1114,25,17.6,18
1115,25,18.32,18
1116,28,17.0,18
1117,27,18.296296296296298,18
1118,29,17.689655172413794,19
1119,28,19.035714285714285,20
1120,28,19.642857142857142,20
1121,27,21.037037037037038,20
1122,26,22.46153846153846,18
1123,26,23.192307692307693,19
1124,24,25.916666666666668,19
1125,26,15.653846153846153,15
1126,24,8.375,9
1127,26,0.46153846153846156,4
1128,28,0.6071428571428571,5
1129,31,0.8064516129032258,8
1130,31,1.096774193548387,9
1131,30,1.5333333333333334,12
1132,29,2.0344827586206895,13
1133,27,2.7037037037037037,14
1134,29,3.0344827586206895,15
1135,29,3.5517241379310347,15
1136,30,3.933333333333333,15
1137,26,5.115384615384615,15
1138,27,5.481481481481482,15
1139,27,6.111111111111111,17
1140,24,7.041666666666667,16
1141,24,6.708333333333333,14
1142,23,6.6521739130434785,12
1143,27,5.666666666666667,11
1144,27,5.666666666666667,10
1145,26,6.269230769230769,10
1146,25,7.04,13
1147,24,7.791666666666667,12
1148,22,9.090909090909092,13
1149,22,9.590909090909092,12
1150,21,10.619047619047619,12
1151,20,11.75,12
1152,22,11.227272727272727,12
1153,24,10.791666666666666,12
1154,23,11.782608695652174,12
1155,23,12.304347826086957,12
1156,23,12.826086956521738,12
1157,23,13.391304347826088,13
1158,22,14.5,12
1159,21,15.761904761904763,12
1160,20,17.15,12
1161,22,16.136363636363637,12
1162,24,15.291666666666666,12
1163,23,16.47826086956522,12
1164,24,16.291666666666668,12
1165,22,18.40909090909091,14
1166,23,18.130434782608695,13
1167,22,19.40909090909091,12
1168,21,20.904761904761905,12
1169,20,22.55,12
1170,21,10.619047619047619,8
1171,22,0.22727272727272727,3
1172,21,0.47619047619047616,5
1173,28,0.5714285714285714,6
1174,28,0.8928571428571429,9
1175,30,1.1666666666666667,11
1176,28,1.75,14
1177,29,2.206896551724138,15
1178,28,2.857142857142857,16
1179,32,3.0,16
1180,33,3.4242424242424243,17
1181,32,4.09375,18
1182,30,4.9,17
1183,30,5.533333333333333,19
1184,29,6.379310344827586,19
1185,28,7.321428571428571,20
1186,25,8.48,19
1187,26,8.423076923076923,18
1188,30,6.966666666666667,16
1189,29,7.275862068965517,15
1190,30,7.1,14
1191,30,7.6,15
1192,29,8.413793103448276,16
1193,28,9.285714285714286,18
1194,26,10.576923076923077,17
1195,24,12.083333333333334,16
1196,24,12.75,16
1197,28,11.5,16
1198,28,12.107142857142858,17
1199,29,12.275862068965518,17
1200,28,13.321428571428571,17
1201,28,14.0,19
1202,28,14.678571428571429,19
1203,27,15.814814814814815,18
1204,26,17.115384615384617,18
1205,25,18.52,18
1206,27,17.814814814814813,18
1207,28,17.821428571428573,18
1208,28,18.464285714285715,18
1209,28,19.142857142857142,19
1210,27,20.48148148148148,18
1211,27,21.14814814814815,18
1212,26,22.692307692307693,19
1213,25,24.36,19
1214,24,26.208333333333332,20
1215,26,15.884615384615385,16
1216,25,8.24,10
1217,26,0.6538461538461539,5
1218,28,0.8214285714285714,6
1219,31,1.0,8
1220,31,1.3225806451612903,10
1221,28,1.8928571428571428,12
1222,29,2.310344827586207,14
1223,27,3.037037037037037,15
1224,30,3.2333333333333334,15
1225,29,3.8620689655172415,15
1226,30,4.233333333333333,15
1227,29,4.9655172413793105,17
1228,27,5.888888888888889,16
1229,26,6.769230769230769,17
1230,26,7.423076923076923,17
1231,25,7.8,16
1232,22,8.272727272727273,14
1233,26,6.538461538461538,12
1234,25,6.24,10
1235,26,6.384615384615385,10
1236,26,6.846153846153846,12
1237,23,8.347826086956522,14
1238,23,8.91304347826087,14
1239,22,9.818181818181818,14
1240,20,11.35,13
1241,20,11.9,13
1242,22,11.318181818181818,12
1243,22,11.863636363636363,12
1244,24,11.375,12
1245,24,11.916666666666666,13
1246,22,13.590909090909092,13
1247,23,13.521739130434783,14
1248,23,14.0,13
1249,22,15.136363636363637,12
1250,20,17.25,12
1251,22,16.227272727272727,12
1252,23,16.043478260869566,12
1253,22,17.318181818181817,12
1254,23,17.08695652173913,12
1255,22,18.40909090909091,12
1256,22,19.0,13
1257,23,18.652173913043477,12
1258,22,20.045454545454547,12
1259,19,23.842105263157894,12
1260,20,11.05,7
1261,22,0.18181818181818182,3
1262,25,0.36,5
1263,27,0.6296296296296297,8
1264,28,0.9285714285714286,10
1265,28,1.2857142857142858,11
1266,28,1.7857142857142858,14
1267,27,2.4444444444444446,16
1268,28,2.9285714285714284,16
1269,32,3.0625,16
1270,32,3.59375,17
1271,30,4.433333333333334,18
1272,30,4.966666666666667,17
1273,27,6.222222222222222,19
1274,29,6.448275862068965,19
1275,28,6.928571428571429,19
1276,28,7.178571428571429,18
1277,27,7.703703703703703,17
1278,29,7.172413793103448,16
1279,30,6.966666666666667,15
1280,31,6.741935483870968,14
1281,29,7.689655172413793,14
1282,29,8.241379310344827,16
1283,28,9.107142857142858,16
1284,27,10.037037037037036,16
1285,24,11.958333333333334,16
1286,24,12.625,16
1287,27,11.814814814814815,16
1288,28,12.0,17
1289,28,12.607142857142858,17
1290,27,13.74074074074074,18
1291,28,13.892857142857142,18
1292,27,15.11111111111111,19
1293,27,15.74074074074074,18
1294,26,17.03846153846154,18
1295,26,17.73076923076923,18
1296,28,17.142857142857142,19
1297,28,17.75,18
1298,29,17.75862068965517,18
1299,28,19.071428571428573,19
1300,29,19.03448275862069,19
1301,27,21.11111111111111,19
1302,27,21.77777777777778,19
1303,26,23.346153846153847,19
1304,25,25.08,20
1305,26,15.807692307692308,15
1306,25,8.16,9
1307,27,0.5185185185185185,4
1308,26,0.8076923076923077,7
1309,31,0.9032258064516129,7
1310,31,1.1612903225806452,8
1311,28,1.75,13
1312,28,2.25,14
1313,27,2.888888888888889,15
1314,29,3.206896551724138,15
1315,28,3.857142857142857,15
1316,29,4.241379310344827,15
1317,28,4.964285714285714,16
1318,27,5.777777777777778,17
1319,28,6.178571428571429,17
1320,26,7.3076923076923075,17
1321,25,7.72,16
1322,24,8.208333333333334,15
1323,27,6.851851851851852,13
1324,29,6.310344827586207,12
1325,28,6.464285714285714,12
1326,25,7.12,11
1327,25,7.68,14
1328,24,8.583333333333334,14
1329,23,9.304347826086957,12
1330,21,10.761904761904763,12
1331,20,11.9,12
1332,22,11.363636363636363,12
1333,24,10.916666666666666,12
1334,24,11.416666666666666,12
1335,24,11.916666666666666,12
1336,22,13.545454545454545,12
1337,22,14.090909090909092,12
1338,22,14.636363636363637,12
1339,21,15.904761904761905,12
1340,19,18.210526315789473,12
1341,22,16.272727272727273,12
1342,24,15.416666666666666,12
1343,22,17.363636363636363,12
1344,24,16.458333333333332,13
1345,23,17.652173913043477,12
1346,23,18.217391304347824,13
1347,22,19.545454545454547,12
1348,22,20.136363636363637,13
1349,20,22.8,13
1350,20,11.25,8
1351,22,0.36363636363636365,4
1352,24,0.5416666666666666,5
1353,27,0.7407407407407407,7
1354,28,1.0,8
1355,29,1.3103448275862069,10
1356,28,1.7857142857142858,12
1357,26,2.4615384615384617,14
1358,28,2.857142857142857,16
1359,32,3.0,16
1360,31,3.6451612903225805,17
1361,32,4.0625,17
1362,31,4.741935483870968,17
1363,30,5.533333333333333,19
1364,29,6.379310344827586,19
1365,29,6.620689655172414,19
1366,27,7.444444444444445,18
1367,26,8.038461538461538,17
1368,31,6.806451612903226,16
1369,31,6.870967741935484,15
1370,31,6.903225806451613,14
1371,28,8.142857142857142,14
1372,28,8.714285714285714,16
1373,28,9.357142857142858,18
1374,26,10.73076923076923,18
1375,25,11.76,17
1376,22,14.0,16
1377,26,12.461538461538462,16
1378,28,12.178571428571429,17
1379,29,12.379310344827585,18
1380,29,13.03448275862069,19
1381,28,14.214285714285714,20
1382,28,14.821428571428571,20
1383,27,15.962962962962964,19
1384,26,17.23076923076923,18
1385,25,18.64,18
1386,27,17.925925925925927,18
1387,29,17.310344827586206,18
1388,28,18.571428571428573,18
1389,29,18.551724137931036,18
1390,29,19.24137931034483,20
1391,28,20.607142857142858,20
1392,27,22.0,20
1393,26,23.5,19
1394,25,25.2,19
1395,26,15.807692307692308,13
1396,26,7.8076923076923075,9
1397,27,0.37037037037037035,4
1398,26,0.6153846153846154,6
1399,30,0.8,8
1400,31,1.064516129032258,9
1401,30,1.5,12
1402,28,2.107142857142857,14
1403,28,2.642857142857143,15
1404,30,2.966666666666667,15
1405,30,3.466666666666667,15
1406,29,4.103448275862069,15
1407,28,4.821428571428571,16
1408,27,5.592592592592593,16
1409,27,5.814814814814815,16
1410,24,6.791666666666667,15
1411,24,7.0,14
1412,23,7.260869565217392,13
1413,29,5.724137931034483,12
1414,27,6.074074074074074,11
1415,26,6.230769230769231,10
1416,25,6.92,11
1417,23,8.130434782608695,14
1418,23,8.565217391304348,12
1419,23,9.08695652173913,12
1420,20,11.05,12
1421,20,11.65,12
1422,22,11.136363636363637,12
1423,23,11.173913043478262,12
1424,24,11.25,13
1425,23,12.304347826086957,13
1426,22,13.5,14
1427,23,13.304347826086957,13
1428,22,14.454545454545455,13
1429,20,16.45,12
1430,20,17.05,12
1431,22,16.045454545454547,12
1432,23,15.869565217391305,12
1433,24,15.708333333333334,12
1434,22,17.727272727272727,13
1435,23,17.608695652173914,15
1436,23,18.043478260869566,13
1437,21,20.238095238095237,12
1438,21,20.857142857142858,13
1439,19,23.789473684210527,14
1440,21,10.619047619047619,9
1441,22,0.45454545454545453,4
1442,23,0.6521739130434783,5
1443,28,0.7857142857142857,7
1444,28,1.0714285714285714,9
1445,31,1.2903225806451613,11
1446,28,1.8571428571428572,12
1447,29,2.310344827586207,15
1448,27,3.074074074074074,16
1449,32,3.09375,16
1450,31,3.7419354838709675,17
1451,32,4.15625,17
1452,31,4.870967741935484,18
1453,30,5.666666666666667,19
1454,28,6.785714285714286,20
1455,27,7.777777777777778,20
1456,27,7.555555555555555,18
1457,26,7.576923076923077,16
1458,30,6.333333333333333,14
1459,30,6.8,14
1460,30,7.266666666666667,14
1461,29,8.0,14
1462,28,8.857142857142858,16
1463,25,10.48,15
1464,24,11.583333333333334,16
1465,24,12.25,16
1466,23,13.478260869565217,16
1467,27,12.074074074074074,16
1468,29,11.827586206896552,17
1469,28,12.857142857142858,17
1470,27,14.037037037037036,19
1471,28,14.214285714285714,20
1472,27,15.333333333333334,19
1473,26,16.576923076923077,18
1474,26,17.26923076923077,18
1475,26,17.96153846153846,18
1476,28,17.321428571428573,18
1477,28,17.964285714285715,18
1478,29,17.96551724137931,18
1479,28,19.357142857142858,21
1480,28,19.892857142857142,18
1481,26,22.115384615384617,18
1482,26,22.846153846153847,19
1483,24,25.583333333333332,20
1484,24,26.416666666666668,20
1485,25,16.52,15
1486,24,8.666666666666666,10
1487,26,0.6153846153846154,4
1488,27,0.8148148148148148,6
1489,31,0.9354838709677419,7
1490,31,1.2580645161290323,10
1491,27,1.8518518518518519,12
1492,29,2.1379310344827585,12
1493,27,2.6666666666666665,12
1494,32,2.65625,13
1495,30,3.3,14
1496,29,3.9310344827586206,15
1497,30,4.333333333333333,16
1498,28,5.25,17
1499,27,5.666666666666667,17
1500,25,6.36,16
1501,25,6.08,14
1502,24,6.5,13
1503,28,5.678571428571429,12
1504,28,5.75,11
1505,27,6.37037037037037,11
1506,24,7.666666666666667,12
1507,24,8.208333333333334,13
1508,23,9.08695652173913,13
1509,21,10.476190476190476,12
1510,21,11.095238095238095,13
1511,20,12.2,12
1512,22,11.636363636363637,12
1513,23,11.652173913043478,12
1514,24,11.666666666666666,12
1515,22,13.363636363636363,14
1516,23,13.391304347826088,14
1517,23,13.826086956521738,14
1518,22,14.909090909090908,12
1519,20,17.0,12
1520,20,17.6,12
1521,22,16.545454545454547,12
1522,23,16.347826086956523,12
1523,23,16.91304347826087,13
1524,23,17.391304347826086,12
1525,22,18.727272727272727,12
1526,23,18.434782608695652,12
1527,22,19.863636363636363,13
1528,20,22.4,12
1529,19,24.210526315789473,12
1530,20,11.15,8
1531,21,0.23809523809523808,3
1532,23,0.391304347826087,4
1533,27,0.5925925925925926,7
1534,28,0.9285714285714286,10
1535,28,1.2142857142857142,9
1536,28,1.6428571428571428,12
1537,27,2.259259259259259,15
1538,28,2.6785714285714284,15
1539,32,2.8125,15
1540,32,3.3125,16
1541,31,3.935483870967742,16
1542,29,4.758620689655173,16
1543,30,5.233333333333333,19
1544,28,6.285714285714286,19
1545,27,6.777777777777778,19
1546,27,6.592592592592593,17
1547,26,6.653846153846154,15
1548,31,5.67741935483871,14
1549,31,6.129032258064516,14
1550,32,6.40625,15
1551,29,7.586206896551724,15
1552,29,8.137931034482758,16
1553,28,9.035714285714286,17
1554,26,10.384615384615385,17
1555,25,11.48,17
1556,25,12.16,17
1557,26,12.346153846153847,17
1558,28,12.107142857142858,18
1559,29,12.344827586206897,19
1560,28,13.464285714285714,19
1561,29,13.586206896551724,19
1562,27,15.296296296296296,20
1563,27,15.88888888888889,18
1564,26,17.192307692307693,18
1565,27,17.22222222222222,18
1566,28,17.25,18
1567,29,17.275862068965516,18
1568,29,17.896551724137932,18
1569,28,19.214285714285715,19
1570,28,19.857142857142858,19
1571,26,22.076923076923077,19
1572,27,21.88888888888889,18
1573,26,23.423076923076923,18
1574,25,25.12,19
1575,25,16.32,14
1576,25,8.04,9
1577,27,0.37037037037037035,4
1578,27,0.6296296296296297,7
1579,29,0.8275862068965517,7
1580,30,1.1333333333333333,10
1581,27,1.7407407407407407,13
1582,29,2.103448275862069,14
1583,27,2.814814814814815,15
1584,30,3.033333333333333,15
1585,29,3.6551724137931036,15
1586,30,4.033333333333333,15
1587,29,4.724137931034483,16
1588,28,5.5,17
1589,26,6.576923076923077,17
1590,26,7.230769230769231,17
1591,24,7.375,15
1592,22,7.545454545454546,13
1593,28,5.5,11
1594,27,5.703703703703703,11
1595,27,6.037037037037037,10
1596,24,7.25,11
1597,24,7.875,15
1598,23,8.695652173913043,14
1599,21,10.0,13
1600,20,11.05,12
1601,20,11.65,12
1602,22,11.136363636363637,12
1603,23,11.173913043478262,12
1604,24,11.208333333333334,12
1605,22,12.772727272727273,12
1606,22,13.409090909090908,14
1607,23,13.347826086956522,14
1608,22,14.409090909090908,12
1609,21,15.666666666666666,12
1610,20,17.05,12
1611,22,16.045454545454547,12
1612,24,15.208333333333334,12
1613,24,15.708333333333334,12
1614,23,16.91304347826087,12
1615,22,18.272727272727273,13
1616,23,18.0,13
1617,21,20.285714285714285,13
1618,20,21.85,12
1619,19,23.68421052631579,13
1620,21,10.476190476190476,8
1621,21,0.3333333333333333,4
1622,23,0.4782608695652174,4
1623,27,0.6666666666666666,7
1624,28,0.9285714285714286,8
1625,28,1.3214285714285714,11
1626,28,1.75,12
1627,27,2.4074074074074074,16
1628,28,2.892857142857143,16
1629,33,2.9696969696969697,17
1630,31,3.6774193548387095,17
1631,31,4.225806451612903,17
1632,30,4.966666666666667,18
1633,28,6.035714285714286,20
1634,27,7.0,20
1635,28,7.0,19
1636,24,7.875,17
1637,26,7.038461538461538,15
1638,30,6.2,14
1639,31,6.451612903225806,14
1640,31,6.903225806451613,14
1641,31,7.354838709677419,14
1642,28,8.642857142857142,14
1643,27,9.518518518518519,15
1644,26,10.5,16
1645,24,12.041666666666666,16
1646,25,12.2,16
1647,28,11.464285714285714,16
1648,28,12.071428571428571,17
1649,28,12.678571428571429,17
1650,27,13.814814814814815,18
1651,28,13.964285714285714,18
1652,28,14.642857142857142,19
1653,27,15.851851851851851,19
1654,26,17.115384615384617,18
1655,24,19.291666666666668,18
1656,27,17.814814814814813,18
1657,28,17.821428571428573,18
1658,29,17.82758620689655,18
1659,28,19.107142857142858,18
1660,29,19.137931034482758,20
1661,27,21.22222222222222,19
1662,27,21.85185185185185,19
1663,25,24.32,19
1664,24,26.125,19
1665,26,15.653846153846153,15
1666,25,8.12,9
1667,26,0.46153846153846156,4
1668,27,0.5925925925925926,4
1669,30,0.7333333333333333,6
1670,31,1.032258064516129,10
1671,30,1.4,11
1672,28,2.0,14
1673,27,2.5925925925925926,14
1674,30,2.8333333333333335,15
1675,28,3.5714285714285716,15
1676,29,3.9655172413793105,15
1677,29,4.482758620689655,15
1678,27,5.37037037037037,15
1679,26,6.230769230769231,17
1680,26,6.423076923076923,16
1681,24,7.125,15
1682,24,7.291666666666667,14
1683,30,5.8,13
1684,29,5.9655172413793105,12
1685,28,6.142857142857143,12
1686,27,6.37037037037037,12
1687,26,7.115384615384615,13
1688,23,8.608695652173912,13
1689,23,9.043478260869565,12
1690,21,10.476190476190476,12
1691,20,11.6,12
1692,22,11.090909090909092,12
1693,23,11.130434782608695,12
1694,24,11.166666666666666,12
1695,24,11.666666666666666,12
1696,22,13.272727272727273,12
1697,23,13.217391304347826,12
1698,23,13.73913043478261,12
1699,22,14.909090909090908,12
1700,20,17.0,12
1701,23,15.304347826086957,12
1702,24,15.166666666666666,12
1703,23,16.347826086956523,12
1704,24,16.166666666666668,12
1705,22,18.181818181818183,12
1706,23,17.956521739130434,13
1707,23,18.47826086956522,13
1708,21,20.761904761904763,12
1709,19,23.63157894736842,13
1710,21,10.619047619047619,8
1711,22,0.3181818181818182,4
1712,24,0.5416666666666666,6
1713,28,0.7857142857142857,9
1714,28,1.1428571428571428,11
1715,29,1.5172413793103448,12
1716,27,2.1481481481481484,14
1717,26,2.8461538461538463,16
1718,27,3.3333333333333335,16
1719,32,3.3125,16
1720,32,3.84375,17
1721,30,4.666666666666667,17
1722,32,4.90625,17
1723,28,6.25,18
1724,30,6.466666666666667,19
1725,29,7.379310344827586,20
1726,29,8.068965517241379,20
1727,28,8.5,19
1728,31,7.290322580645161,17
1729,30,7.066666666666666,15
1730,30,7.066666666666666,14
1731,29,7.793103448275862,14
1732,30,8.066666666666666,16
1733,28,9.285714285714286,18
1734,25,10.96,17
1735,23,12.608695652173912,17
1736,23,13.26086956521739,16
1737,28,11.464285714285714,16
1738,28,12.071428571428571,17
1739,29,12.275862068965518,18
1740,28,13.357142857142858,18
1741,28,14.0,18
1742,26,15.807692307692308,19
1743,27,15.851851851851851,18
1744,26,17.153846153846153,18
1745,26,17.846153846153847,18
1746,27,17.85185185185185,18
1747,28,17.857142857142858,18
1748,29,17.862068965517242,18
1749,28,19.142857142857142,18
1750,27,20.51851851851852,18
1751,27,21.25925925925926,20
1752,28,21.071428571428573,18
1753,26,23.384615384615383,18
1754,25,25.04,18
1755,27,15.074074074074074,13
1756,26,7.730769230769231,9
1757,27,0.25925925925925924,3
1758,27,0.4074074074074074,4
1759,30,0.6333333333333333,8
1760,31,0.9032258064516129,9
1761,27,1.4444444444444444,11
1762,29,1.7586206896551724,12
1763,27,2.4074074074074074,14
1764,30,2.6333333333333333,14
1765,29,3.2413793103448274,15
1766,30,3.6333333333333333,15
1767,29,4.275862068965517,15
1768,27,5.222222222222222,17
1769,25,6.32,17
1770,25,6.52,16
1771,25,6.24,14
1772,21,7.0,12
1773,26,5.346153846153846,10
1774,27,5.518518518518518,10
1775,26,6.115384615384615,10
1776,25,6.8,11
1777,22,8.272727272727273,12
1778,22,8.863636363636363,13
1779,23,8.956521739130435,12
1780,20,10.9,12
1781,21,10.952380952380953,12
1782,22,11.0,12
1783,23,11.043478260869565,12
1784,24,11.083333333333334,12
1785,23,12.08695652173913,12
1786,22,13.181818181818182,12
1787,23,13.173913043478262,13
1788,22,14.272727272727273,12
1789,21,15.523809523809524,12
1790,20,16.9,12
1791,22,15.909090909090908,12
1792,24,15.083333333333334,12
1793,24,15.583333333333334,12
1794,23,16.782608695652176,12
1795,22,18.136363636363637,13
1796,23,17.869565217391305,13
1797,22,19.227272727272727,13
1798,21,20.666666666666668,12
1799,19,23.473684210526315,12
1800,21,10.380952380952381,7
1801,23,0.17391304347826086,3
1802,22,0.36363636363636365,4
1803,28,0.5,6
1804,28,0.8571428571428571,10
1805,31,1.1290322580645162,11
1806,28,1.7857142857142858,15
1807,27,2.3703703703703702,15
1808,27,2.962962962962963,16
1809,32,3.0,16
1810,32,3.53125,17
1811,31,4.193548387096774,17
1812,30,4.933333333333334,18
1813,30,5.533333333333333,18
1814,27,6.444444444444445,19
1815,27,6.2592592592592595,17
1816,24,6.833333333333333,15
1817,25,6.76,14
1818,31,5.903225806451613,14
1819,30,6.566666666666666,14
1820,30,7.033333333333333,14
1821,29,7.758620689655173,14
1822,28,8.642857142857142,17
1823,27,9.62962962962963,18
1824,26,10.5,16
1825,25,11.56,16
1826,25,12.2,16
1827,28,11.464285714285714,16
1828,29,11.655172413793103,17
1829,29,12.241379310344827,17
1830,28,13.321428571428571,18
1831,29,13.517241379310345,19
1832,28,14.75,21
1833,27,15.814814814814815,18
1834,26,17.115384615384617,18
1835,26,17.807692307692307,18
1836,28,17.178571428571427,18
1837,30,16.633333333333333,18
1838,29,17.82758620689655,18
1839,28,19.142857142857142,19
1840,29,19.137931034482758,19
1841,28,20.428571428571427,19
1842,27,21.814814814814813,18
1843,26,23.346153846153847,18
1844,26,24.03846153846154,18
1845,26,15.653846153846153,14
1846,26,7.653846153846154,9
1847,27,0.2962962962962963,3
1848,27,0.5185185185185185,6
1849,31,0.7096774193548387,8
1850,31,0.967741935483871,9
1851,28,1.5357142857142858,13
1852,29,1.9655172413793103,14
1853,28,2.5714285714285716,15
1854,30,2.9,15
1855,30,3.4,15
1856,30,3.9,15
1857,29,4.586206896551724,16
1858,27,5.518518518518518,16
1859,26,6.384615384615385,17
1860,26,7.038461538461538,17
1861,25,7.44,16
1862,22,7.909090909090909,14
1863,27,6.0,12
1864,27,5.481481481481482,10
1865,26,6.115384615384615,11
1866,26,6.576923076923077,12
1867,24,7.666666666666667,13
1868,23,8.478260869565217,13
1869,21,9.80952380952381,12
1870,20,10.9,12
1871,20,11.5,12
1872,22,11.0,12
1873,22,11.545454545454545,12
1874,24,11.083333333333334,12
1875,22,12.636363636363637,12
1876,22,13.272727272727273,14
1877,23,13.173913043478262,13
1878,22,14.318181818181818,13
1879,19,17.157894736842106,12
1880,20,16.9,12
1881,22,15.909090909090908,12
1882,23,15.73913043478261,12
1883,24,15.583333333333334,12
1884,22,17.545454545454547,12
1885,23,17.391304347826086,14
1886,23,17.82608695652174,12
1887,22,19.181818181818183,12
1888,20,21.7,12
1889,19,23.57894736842105,14
1890,21,10.619047619047619,9
1891,21,0.38095238095238093,3
1892,23,0.5652173913043478,5
1893,27,0.7407407407407407,7
1894,28,1.0357142857142858,9
1895,30,1.3333333333333333,11
1896,28,1.8928571428571428,13
1897,28,2.4285714285714284,15
1898,27,3.111111111111111,16
1899,32,3.125,16
1900,31,3.774193548387097,17
1901,31,4.32258064516129,17
1902,33,4.606060606060606,18
1903,29,5.896551724137931,19
1904,30,6.366666666666666,20
1905,28,7.535714285714286,20
1906,29,7.9655172413793105,20
1907,27,8.74074074074074,19
1908,31,7.741935483870968,18
1909,30,8.1,17
1910,29,8.96551724137931,17
1911,28,9.892857142857142,17
1912,28,9.892857142857142,18
1913,25,11.04,17
1914,24,11.5,16
1915,24,12.166666666666666,16
1916,24,12.833333333333334,16
1917,27,12.0,16
1918,28,12.178571428571429,17
1919,28,12.821428571428571,18
1920,29,13.10344827586207,21
1921,28,14.285714285714286,21
1922,27,15.37037037037037,20
1923,26,16.576923076923077,19
1924,25,17.92,18
1925,24,19.416666666666668,18
1926,28,17.285714285714285,18
1927,28,17.928571428571427,18
1928,28,18.571428571428573,18
1929,29,18.586206896551722,19
1930,28,19.964285714285715,20
1931,28,20.535714285714285,19
1932,26,22.807692307692307,19
1933,26,23.5,19
1934,25,25.24,20
1935,26,15.846153846153847,15
1936,25,8.28,10
1937,26,0.5769230769230769,5
1938,26,0.8076923076923077,6
1939,31,0.9032258064516129,7
1940,31,1.1612903225806452,8
1941,30,1.5666666666666667,11
1942,30,2.033333333333333,14
1943,27,2.7777777777777777,14
1944,30,3.0,15
1945,29,3.6206896551724137,15
1946,29,4.137931034482759,15
1947,26,5.1923076923076925,15
1948,27,5.62962962962963,17
1949,26,6.0,16
1950,27,5.925925925925926,15
1951,24,6.375,13
1952,23,6.304347826086956,11
1953,27,5.333333333333333,10
1954,28,5.5,10
1955,28,5.892857142857143,11
1956,24,7.375,12
1957,24,7.916666666666667,13
1958,25,8.0,13
1959,23,9.217391304347826,13
1960,21,10.619047619047619,12
1961,21,11.19047619047619,12
1962,23,10.73913043478261,12
1963,23,11.26086956521739,12
1964,24,11.291666666666666,12
1965,22,12.863636363636363,12
1966,22,13.454545454545455,13
1967,23,13.347826086956522,12
1968,21,15.19047619047619,12
1969,20,16.55,12
1970,20,17.15,12
1971,21,16.904761904761905,12
1972,24,15.291666666666666,12
1973,23,16.47826086956522,12
1974,22,17.772727272727273,12
1975,22,18.363636363636363,13
1976,22,18.863636363636363,12
1977,21,20.333333333333332,12
1978,19,23.157894736842106,13
1979,19,23.94736842105263,15
1980,20,11.3,9
1981,22,0.45454545454545453,3
1982,23,0.6521739130434783,5
1983,26,0.8076923076923077,6
1984,28,1.0357142857142858,8
1985,29,1.3103448275862069,9
1986,28,1.8214285714285714,13
1987,29,2.2758620689655173,15
1988,27,3.037037037037037,16
1989,33,2.9696969696969697,16
1990,31,3.7096774193548385,17
1991,32,4.125,17
1992,31,4.838709677419355,18
1993,30,5.6,18
1994,28,6.714285714285714,20
1995,29,7.172413793103448,20
1996,26,8.76923076923077,20
1997,27,8.185185185185185,18
1998,30,7.1,16
1999,28,7.25,14
2000,30,7.233333333333333,14
2001,31,7.451612903225806,14
2002,30,8.3,18
2003,28,9.428571428571429,17
2004,26,10.73076923076923,17
2005,24,12.25,16
2006,24,12.916666666666666,16
2007,28,11.642857142857142,16
2008,29,11.827586206896552,17
2009,28,12.857142857142858,17
2010,29,13.0,17
2011,27,14.666666666666666,19
2012,28,14.75,18
2013,26,16.576923076923077,18
2014,25,17.96,18
2015,25,18.68,18
2016,28,17.321428571428573,18
2017,29,17.344827586206897,18
2018,28,18.607142857142858,18
2019,29,18.586206896551722,18
2020,28,19.928571428571427,19
2021,26,22.153846153846153,19
2022,26,22.846153846153847,19
2023,25,24.48,19
2024,24,26.291666666666668,19
2025,25,16.44,15
2026,25,8.2,10
2027,26,0.5384615384615384,5
2028,28,0.75,7
2029,31,0.967741935483871,9
2030,31,1.2580645161290323,11
2031,29,1.793103448275862,13
2032,29,2.2413793103448274,13
2033,28,2.8214285714285716,14
2034,31,2.870967741935484,14
2035,32,3.21875,14
2036,30,3.933333333333333,15
2037,29,4.586206896551724,15
2038,27,5.518518518518518,16
2039,27,6.148148148148148,17
2040,24,7.666666666666667,18
2041,26,7.1923076923076925,17
2042,25,7.56,16
2043,28,6.321428571428571,14
2044,27,6.555555555555555,13
2045,27,6.555555555555555,12
2046,25,7.08,12
2047,25,7.6,13
2048,24,8.458333333333334,14
2049,24,8.916666666666666,13
2050,22,10.227272727272727,12
2051,22,10.772727272727273,12
2052,24,10.375,12
2053,23,11.347826086956522,12
2054,24,11.375,12
2055,23,12.391304347826088,12
2056,22,13.545454545454545,13
2057,22,14.090909090909092,13
2058,22,14.590909090909092,12
2059,21,15.857142857142858,12
2060,21,16.428571428571427,12
2061,22,16.227272727272727,12
2062,23,16.043478260869566,12
2063,24,15.875,12
2064,24,16.375,12
2065,23,17.652173913043477,13
2066,23,18.17391304347826,13
2067,22,19.545454545454547,13
2068,21,21.095238095238095,14
2069,20,22.8,14
2070,23,9.826086956521738,8
2071,23,0.30434782608695654,3
2072,25,0.48,5
2073,29,0.6896551724137931,8
2074,29,1.103448275862069,12
2075,30,1.5,14
2076,29,2.0344827586206895,14
2077,27,2.7777777777777777,16
2078,29,3.1724137931034484,17
2079,34,3.2058823529411766,17
2080,32,3.96875,18
2081,32,4.5625,19
2082,31,5.32258064516129,19
2083,28,6.571428571428571,19
2084,30,6.8,20
2085,28,7.571428571428571,20
2086,26,8.423076923076923,19
2087,28,7.571428571428571,17
2088,31,6.935483870967742,16
2089,30,7.333333333333333,16
2090,32,7.375,16
2091,31,8.129032258064516,16
2092,30,9.033333333333333,19
2093,28,10.214285714285714,17
2094,27,11.222222222222221,17
2095,25,12.8,17
2096,25,13.48,17
2097,30,11.8,17
2098,29,12.793103448275861,17
2099,28,13.857142857142858,17
2100,27,15.037037037037036,18
2101,28,15.178571428571429,19
2102,27,16.444444444444443,20
2103,26,17.73076923076923,19
2104,26,18.384615384615383,18
2105,25,19.84,18
2106,27,19.037037037037038,18
2107,28,19.0,18
2108,28,19.642857142857142,18
2109,28,20.285714285714285,18
2110,28,20.928571428571427,18
2111,27,22.40740740740741,19
2112,27,23.074074074074073,19
2113,26,24.692307692307693,19
2114,24,27.583333333333332,20
2115,26,16.53846153846154,14
2116,25,8.52,8
2117,27,0.4074074074074074,3
2118,27,0.5555555555555556,4
2119,31,0.6774193548387096,6
2120,30,1.0333333333333334,10
2121,28,1.4285714285714286,10
2122,27,1.962962962962963,13
2123,27,2.4814814814814814,14
2124,30,2.7333333333333334,15
2125,30,3.2333333333333334,15
2126,30,3.7333333333333334,15
2127,29,4.379310344827586,15
2128,29,4.9655172413793105,17
2129,27,5.962962962962963,17
2130,26,6.423076923076923,16
2131,24,7.208333333333333,15
2132,23,7.739130434782608,14
2133,28,6.321428571428571,13
2134,28,6.25,12
2135,27,6.444444444444445,12
2136,26,6.653846153846154,11
2137,25,7.44,13
2138,23,8.652173913043478,13
2139,23,9.08695652173913,12
2140,21,10.523809523809524,12
2141,20,11.65,12
2142,22,11.136363636363637,12
2143,23,11.173913043478262,12
2144,23,11.695652173913043,12
2145,24,11.708333333333334,12
2146,22,13.363636363636363,13
2147,23,13.391304347826088,14
2148,23,13.826086956521738,13
2149,22,15.0,13
2150,20,17.05,12
2151,22,16.045454545454547,12
2152,24,15.208333333333334,12
2153,23,16.391304347826086,12
2154,23,16.91304347826087,12
2155,22,18.227272727272727,12
2156,22,18.772727272727273,12
2157,21,20.238095238095237,12
2158,21,20.80952380952381,12
2159,20,22.45,12
2160,21,10.523809523809524,8
2161,21,0.23809523809523808,3
2162,22,0.45454545454545453,5
2163,28,0.6071428571428571,7
2164,28,0.9285714285714286,9
2165,30,1.2333333333333334,11
2166,28,1.7857142857142858,13
2167,27,2.4074074074074074,15
2168,26,3.1153846153846154,16
2169,32,3.03125,16
2170,31,3.6774193548387095,17
2171,30,4.366666666666666,17
2172,31,4.806451612903226,18
2173,31,5.419354838709677,19
2174,29,6.0344827586206895,18
2175,28,6.535714285714286,18
2176,28,6.821428571428571,17
2177,27,7.703703703703703,17
2178,32,6.5,16
2179,31,6.741935483870968,15
2180,29,7.206896551724138,14
2181,28,7.964285714285714,14
2182,29,8.275862068965518,17
2183,27,9.555555555555555,18
2184,25,10.88,17
2185,23,12.521739130434783,17
2186,23,13.173913043478262,16
2187,27,11.814814814814815,16
2188,28,12.0,17
2189,29,12.172413793103448,17
2190,28,13.285714285714286,19
2191,28,13.892857142857142,18
2192,27,15.074074074074074,18
2193,27,15.777777777777779,19
2194,26,17.03846153846154,18
2195,26,17.73076923076923,18
2196,27,17.74074074074074,18
2197,28,17.75,18
2198,28,18.392857142857142,18
2199,28,19.071428571428573,19
2200,28,19.714285714285715,19
2201,27,21.14814814814815,19
2202,27,21.77777777777778,19
2203,25,24.28,19
2204,25,25.08,20
2205,26,15.73076923076923,14
2206,25,8.16,9
2207,26,0.5384615384615384,5
2208,28,0.75,7
2209,31,0.9032258064516129,7
2210,31,1.1935483870967742,9
2211,28,1.75,12
2212,29,2.1724137931034484,14
2213,27,2.8518518518518516,14
2214,29,3.1724137931034484,15
2215,28,3.8214285714285716,15
2216,29,4.206896551724138,15
2217,29,4.724137931034483,15
2218,27,5.666666666666667,16
2219,28,6.071428571428571,17
2220,26,6.653846153846154,16
2221,26,6.846153846153846,15
2222,22,8.272727272727273,14
2223,28,6.428571428571429,13
2224,26,6.846153846153846,12
2225,25,7.04,12
2226,26,6.769230769230769,12
2227,24,7.833333333333333,12
2228,22,9.090909090909092,12
2229,22,9.636363636363637,12
2230,22,10.181818181818182,12
2231,21,11.238095238095237,12
2232,22,11.272727272727273,12
2233,24,10.833333333333334,12
2234,24,11.375,13
2235,23,12.434782608695652,13
2236,22,13.636363636363637,14
2237,23,13.434782608695652,13
2238,22,14.545454545454545,12
2239,20,16.6,12
2240,20,17.2,12
2241,22,16.181818181818183,12
2242,23,16.0,12
2243,24,15.833333333333334,12
2244,23,17.043478260869566,12
2245,22,18.363636363636363,12
2246,23,18.08695652173913,12
2247,21,20.428571428571427,13
2248,20,22.0,12
2249,19,23.894736842105264,14
2250,21,10.714285714285714,8
2251,22,0.36363636363636365,4
2252,22,0.5909090909090909,5
2253,28,0.75,8
2254,28,1.0357142857142858,8
2255,28,1.3928571428571428,10
2256,28,1.8214285714285714,12
2257,27,2.4814814814814814,16
2258,27,3.074074074074074,16
2259,33,3.0,16
2260,31,3.7419354838709675,17
2261,32,4.1875,18
2262,30,5.066666666666666,18
2263,30,5.666666666666667,18
2264,29,6.551724137931035,20
2265,28,7.5,20
2266,27,8.0,19
2267,26,7.961538461538462,17
2268,30,6.6,15
2269,30,6.666666666666667,14
2270,30,7.133333333333334,14
2271,29,7.896551724137931,15
2272,29,8.517241379310345,18
2273,26,10.153846153846153,19
2274,24,11.583333333333334,18
2275,24,12.166666666666666,16
2276,23,13.391304347826088,16
2277,27,12.0,16
2278,29,11.758620689655173,17
2279,28,12.785714285714286,17
2280,28,13.428571428571429,18
2281,28,14.107142857142858,19
2282,28,14.785714285714286,20
2283,26,16.576923076923077,19
2284,25,17.92,18
2285,25,18.64,18
2286,27,17.925925925925927,18
2287,28,17.928571428571427,18
2288,29,17.93103448275862,18
2289,29,18.586206896551722,19
2290,28,19.928571428571427,19
2291,28,20.535714285714285,19
2292,27,21.962962962962962,19
2293,26,23.46153846153846,18
2294,25,25.16,19
2295,26,15.807692307692308,14
2296,26,7.884615384615385,10
2297,27,0.4074074074074074,4
2298,27,0.6296296296296297,6
2299,31,0.7741935483870968,7
2300,31,1.064516129032258,9
2301,29,1.5517241379310345,12
2302,27,2.1481481481481484,13
2303,27,2.6666666666666665,14
2304,29,3.0,15
2305,29,3.5172413793103448,15
2306,29,4.0344827586206895,15
2307,29,4.551724137931035,15
2308,28,5.285714285714286,16
2309,26,6.346153846153846,17
2310,25,6.76,16
2311,24,7.208333333333333,15
2312,23,7.043478260869565,13
2313,28,5.785714285714286,12
2314,28,5.785714285714286,11
2315,27,5.962962962962963,10
2316,26,6.615384615384615,11
2317,24,7.708333333333333,13
2318,23,8.521739130434783,12
2319,21,9.904761904761905,12
2320,21,10.476190476190476,12
2321,20,11.6,12
2322,22,11.090909090909092,12
2323,22,11.636363636363637,12
2324,24,11.166666666666666,12
2325,22,12.772727272727273,13
2326,22,13.363636363636363,13
2327,22,13.863636363636363,13
2328,21,15.047619047619047,12
2329,19,17.263157894736842,12
2330,20,17.0,12
2331,22,16.0,12
2332,22,16.545454545454547,12
2333,24,15.666666666666666,12
2334,22,17.636363636363637,12
2335,23,17.47826086956522,14
2336,23,17.91304347826087,12
2337,21,20.19047619047619,12
2338,20,21.8,12
2339,19,23.68421052631579,14
2340,21,10.619047619047619,8
2341,22,0.3181818181818182,3
2342,23,0.5217391304347826,5
2343,27,0.7407407407407407,8
2344,28,1.0,8
2345,29,1.2758620689655173,9
2346,28,1.8214285714285714,14
2347,27,2.4814814814814814,16
2348,28,2.9642857142857144,16
2349,32,3.09375,16
2350,32,3.625,17
2351,32,4.1875,18
2352,32,4.75,18
2353,28,6.071428571428571,18
2354,29,6.517241379310345,19
2355,26,8.038461538461538,20
2356,26,8.26923076923077,19
2357,27,7.666666666666667,17
2358,30,6.566666666666666,15
2359,30,6.6,14
2360,29,7.310344827586207,14
2361,30,7.533333333333333,14
2362,29,8.379310344827585,17
2363,26,10.0,18
2364,25,11.0,17
2365,25,11.6,16
2366,24,12.75,16
2367,28,11.5,16
2368,30,11.3,17
2369,28,12.75,18
2370,28,13.428571428571429,19
2371,28,14.142857142857142,20
2372,28,14.75,19
2373,27,15.925925925925926,19
2374,26,17.23076923076923,19
2375,25,18.6,18
2376,27,17.88888888888889,18
2377,28,17.892857142857142,18
2378,30,17.333333333333332,19
2379,28,19.25,19
2380,28,19.857142857142858,19
2381,27,21.296296296296298,20
2382,26,22.73076923076923,18
2383,26,23.423076923076923,18
2384,25,25.16,20
2385,26,15.846153846153847,14
2386,25,8.28,10
2387,26,0.46153846153846156,4
2388,28,0.6428571428571429,6
2389,31,0.8064516129032258,7
2390,31,1.1290322580645162,10
2391,29,1.5862068965517242,11
2392,28,2.107142857142857,13
2393,27,2.7037037037037037,14
2394,29,3.0,14
2395,29,3.5172413793103448,15
2396,30,3.9,15
2397,28,4.714285714285714,15
2398,28,5.285714285714286,16
2399,26,6.3076923076923075,16
2400,26,6.461538461538462,16
2401,24,7.166666666666667,15
2402,24,6.791666666666667,13
2403,29,5.689655172413793,13
2404,28,5.857142857142857,11
2405,25,6.56,10
2406,26,6.730769230769231,11
2407,24,7.875,14
2408,23,8.652173913043478,12
2409,21,10.047619047619047,12
2410,20,11.15,12
2411,20,11.75,12
2412,22,11.227272727272727,12
2413,23,11.26086956521739,12
2414,24,11.291666666666666,12
2415,22,12.909090909090908,13
2416,22,13.5,13
2417,22,13.954545454545455,12
2418,21,15.19047619047619,12
2419,20,16.55,12
2420,20,17.15,12
2421,22,16.136363636363637,12
2422,23,15.956521739130435,12
2423,23,16.47826086956522,12
2424,23,17.08695652173913,14
2425,23,17.608695652173914,13
2426,23,18.043478260869566,12
2427,21,20.38095238095238,13
2428,20,22.05,13
2429,19,23.894736842105264,13
2430,20,11.3,9
2431,22,0.5,5
2432,22,0.7727272727272727,6
2433,27,0.8888888888888888,7
2434,28,1.1428571428571428,8
2435,30,1.4,10
2436,28,2.0,14
2437,29,2.4827586206896552,16
2438,28,3.142857142857143,16
2439,31,3.3548387096774195,16
2440,33,3.6666666666666665,17
2441,32,4.3125,17
2442,29,5.344827586206897,17
2443,29,5.9655172413793105,18
2444,29,6.586206896551724,18
2445,28,7.107142857142857,19
2446,27,7.666666666666667,18
2447,27,7.37037037037037,16
2448,29,6.931034482758621,15
2449,31,6.516129032258065,14
2450,31,6.967741935483871,14
2451,28,8.25,15
2452,29,8.551724137931034,17
2453,27,9.777777777777779,17
2454,25,11.16,16
2455,24,12.291666666666666,16
2456,22,14.136363636363637,16
2457,27,12.11111111111111,16
2458,29,11.862068965517242,17
2459,29,12.448275862068966,17
2460,28,13.5,17
2461,29,13.689655172413794,19
2462,28,14.857142857142858,20
2463,27,16.037037037037038,19
2464,26,17.307692307692307,18
2465,25,18.72,18
2466,27,18.0,18
2467,28,18.0,18
2468,29,18.0,18
2469,28,19.285714285714285,18
2470,28,19.964285714285715,19
2471,28,20.607142857142858,19
2472,27,22.037037037037038,19
2473,25,24.48,18
2474,25,25.2,18
2475,27,15.25925925925926,14
2476,26,7.730769230769231,8
2477,26,0.3076923076923077,4
2478,26,0.5,5
2479,30,0.6666666666666666,7
2480,31,0.967741935483871,10
2481,28,1.5,12
2482,29,1.9310344827586208,14
2483,27,2.5925925925925926,14
2484,30,2.8333333333333335,15
2485,30,3.3333333333333335,15
2486,29,3.9655172413793105,15
2487,28,4.642857142857143,15
2488,28,5.25,17
2489,26,6.3076923076923075,17
2490,27,6.703703703703703,17
2491,25,6.88,15
2492,24,6.75,13
2493,26,5.769230769230769,11
2494,26,5.769230769230769,10
2495,27,5.962962962962963,11
2496,25,7.0,14
2497,24,7.791666666666667,13
2498,23,8.73913043478261,14
2499,22,9.636363636363637,14
2500,22,10.181818181818182,14
2501,20,11.75,13
2502,21,11.666666666666666,12
2503,24,10.708333333333334,12
2504,23,11.73913043478261,13
2505,23,12.304347826086957,13
2506,22,13.363636363636363,13
2507,23,13.347826086956522,14
2508,22,14.409090909090908,12
2509,21,15.666666666666666,12
2510,20,17.05,12
2511,21,16.80952380952381,12
2512,23,15.869565217391305,12
2513,24,15.708333333333334,12
2514,23,16.956521739130434,13
2515,23,17.52173913043478,13
2516,22,18.818181818181817,13
2517,22,19.318181818181817,12
2518,20,21.85,12
2519,19,23.68421052631579,13
2520,21,10.619047619047619,9
2521,22,0.36363636363636365,4
2522,24,0.5,4
2523,27,0.7037037037037037,7
2524,28,1.0,9
2525,31,1.2903225806451613,12
2526,28,1.9642857142857142,15
2527,26,2.730769230769231,16
2528,27,3.2222222222222223,16
2529,32,3.21875,16
2530,30,4.0,17
2531,31,4.419354838709677,17
2532,31,4.967741935483871,17
2533,30,5.733333333333333,18
2534,29,6.620689655172414,20
2535,29,6.896551724137931,19
2536,26,7.961538461538462,18
2537,27,7.888888888888889,17
2538,31,7.419354838709677,17
2539,30,8.233333333333333,17
2540,30,8.8,17
2541,30,8.733333333333333,16
2542,27,9.703703703703704,16
2543,27,9.74074074074074,17
2544,27,10.333333333333334,17
2545,25,11.76,16
2546,24,12.916666666666666,16
2547,28,11.642857142857142,16
2548,27,12.703703703703704,17
2549,30,12.0,17
2550,28,13.535714285714286,19
2551,28,14.107142857142858,18
2552,27,15.296296296296296,18
2553,27,15.962962962962964,18
2554,25,17.96,18
2555,26,17.96153846153846,18
2556,27,17.962962962962962,18
2557,28,17.964285714285715,18
2558,29,17.96551724137931,18
2559,28,19.285714285714285,19
2560,28,19.892857142857142,18
2561,27,21.333333333333332,19
2562,27,22.0,19
2563,25,24.44,18
2564,25,25.24,20
2565,28,14.75,16
2566,27,7.555555555555555,10
2567,28,0.5357142857142857,5
2568,28,0.7142857142857143,5
2569,32,0.875,8
2570,32,1.1875,10
2571,28,1.7857142857142858,12
2572,30,2.1666666666666665,15
2573,29,2.7586206896551726,15
2574,32,3.0,16
2575,30,3.7333333333333334,16
2576,30,4.266666666666667,16
2577,30,4.8,16
2578,28,5.75,17
2579,28,6.392857142857143,18
2580,26,7.576923076923077,18
2581,26,7.769230769230769,17
2582,24,8.041666666666666,15
2583,27,6.777777777777778,13
2584,28,6.535714285714286,12
2585,27,6.814814814814815,12
2586,25,7.84,12
2587,25,8.4,14
2588,23,9.565217391304348,13
2589,22,10.454545454545455,12
2590,20,12.1,12
2591,20,12.7,12
2592,22,12.090909090909092,12
2593,22,12.636363636363637,12
2594,24,12.083333333333334,12
2595,22,13.727272727272727,12
2596,22,14.272727272727273,12
2597,23,14.173913043478262,12
2598,21,16.095238095238095,12
2599,19,18.42105263157895,12
2600,20,18.1,12
2601,22,17.0,12
2602,23,16.782608695652176,12
2603,24,16.583333333333332,12
2604,22,18.681818181818183,13
2605,22,19.227272727272727,13
2606,22,19.772727272727273,13
2607,22,20.318181818181817,13
2608,20,23.05,14
2609,20,23.7,14
2610,21,11.238095238095237,10
2611,22,0.5909090909090909,5
2612,22,0.8181818181818182,5
2613,28,0.9285714285714286,8
2614,28,1.2857142857142858,10
2615,31,1.5806451612903225,13
2616,29,2.1724137931034484,14
2617,28,2.8214285714285716,16
2618,27,3.5185185185185186,16
2619,32,3.46875,16
2620,30,4.266666666666667,17
2621,32,4.53125,17
2622,32,5.0625,17
2623,32,5.625,18
2624,31,6.419354838709677,19
2625,30,7.3,20
2626,29,8.241379310344827,20
2627,28,8.714285714285714,19
2628,30,8.3,18
2629,31,8.193548387096774,17
2630,30,9.033333333333333,17
2631,28,10.285714285714286,17
2632,28,10.178571428571429,16
2633,27,10.481481481481481,17
2634,24,11.666666666666666,16
2635,24,12.333333333333334,16
2636,23,13.565217391304348,16
2637,28,11.714285714285714,16
2638,28,12.321428571428571,17
2639,29,12.517241379310345,18
2640,28,13.642857142857142,19
2641,28,14.285714285714286,20
2642,27,15.481481481481481,20
2643,26,16.692307692307693,18
2644,26,17.384615384615383,18
2645,24,19.583333333333332,18
2646,28,17.428571428571427,18
2647,29,17.448275862068964,18
2648,28,18.714285714285715,18
2649,28,19.357142857142858,18
2650,27,20.77777777777778,19
2651,27,21.40740740740741,18
2652,26,22.96153846153846,19
2653,26,23.73076923076923,20
2654,24,26.583333333333332,21
2655,26,16.153846153846153,16
2656,24,8.833333333333334,10
2657,26,0.6923076923076923,4
2658,27,0.8888888888888888,6
2659,29,1.1379310344827587,9
2660,31,1.3548387096774193,10
2661,29,1.896551724137931,13
2662,29,2.3793103448275863,14
2663,27,3.111111111111111,15
2664,32,3.09375,15
2665,29,3.9310344827586206,15
2666,29,4.448275862068965,15
2667,27,5.333333333333333,15
2668,27,5.962962962962963,17
2669,25,7.12,17
2670,25,6.8,15
2671,23,7.0,13
2672,23,6.565217391304348,11
2673,27,5.592592592592593,10
2674,28,5.75,10
2675,26,6.615384615384615,11
2676,27,6.814814814814815,12
2677,25,7.84,12
2678,24,8.666666666666666,12
2679,23,9.565217391304348,12
2680,20,11.6,12
2681,20,12.2,12
2682,22,11.636363636363637,12
2683,24,11.166666666666666,12
2684,23,12.173913043478262,12
2685,23,12.73913043478261,13
2686,23,13.217391304347826,12
2687,23,13.782608695652174,13
2688,22,14.909090909090908,12
2689,20,17.0,12
2690,20,17.6,12
2691,22,16.545454545454547,12
2692,24,15.666666666666666,12
2693,22,17.636363636363637,12
2694,23,17.434782608695652,13
2695,23,18.0,13
2696,23,18.47826086956522,13
2697,22,19.863636363636363,13
2698,20,22.45,13
2699,19,24.31578947368421,14
2700,21,10.904761904761905,8
2701,23,0.34782608695652173,4
2702,23,0.6086956521739131,6
2703,26,0.7692307692307693,6
2704,28,1.0357142857142858,9
2705,31,1.2580645161290323,10
2706,28,1.8571428571428572,13
2707,29,2.310344827586207,15
2708,28,3.0,17
2709,33,3.0,16
2710,33,3.515151515151515,17
2711,30,4.433333333333334,17
2712,30,5.0,17
2713,29,5.827586206896552,19
2714,28,6.75,20
2715,28,7.035714285714286,19
2716,25,7.64,17
2717,25,7.44,15
2718,29,6.517241379310345,14
2719,29,7.0,14
2720,30,7.233333333333333,14
2721,27,8.555555555555555,14
2722,27,9.11111111111111,15
2723,25,10.44,15
2724,25,11.08,16
2725,24,12.208333333333334,16
2726,24,12.875,16
2727,27,12.037037037037036,16
2728,28,12.214285714285714,17
2729,28,12.857142857142858,18
2730,28,13.5,18
2731,28,14.142857142857142,18
2732,27,15.407407407407407,20
2733,27,16.037037037037038,19
2734,26,17.346153846153847,19
2735,27,17.333333333333332,18
2736,26,18.692307692307693,18
2737,28,18.0,18
2738,27,19.333333333333332,18
2739,27,20.0,18
2740,27,20.666666666666668,18
2741,27,21.37037037037037,19
2742,27,22.074074074074073,20
2743,26,23.615384615384617,19
2744,25,25.32,19
2745,26,15.884615384615385,15
2746,25,8.28,9
2747,26,0.5,4
2748,28,0.6785714285714286,6
2749,30,0.9,8
2750,31,1.1935483870967742,10
2751,28,1.75,12
2752,29,2.1379310344827585,13
2753,27,2.814814814814815,14
2754,31,2.935483870967742,15
2755,29,3.6551724137931036,15
2756,30,4.033333333333333,15
2757,27,5.037037037037037,15
2758,27,5.62962962962963,16
2759,27,6.2592592592592595,17
2760,26,7.153846153846154,17
2761,25,7.04,15
2762,22,7.590909090909091,13
2763,28,5.571428571428571,11
2764,28,5.607142857142857,11
2765,26,6.384615384615385,10
2766,25,7.12,12
2767,24,8.041666666666666,15
2768,23,8.826086956521738,13
2769,22,9.681818181818182,12
2770,20,11.25,12
2771,20,11.85,12
2772,22,11.318181818181818,12
2773,23,11.347826086956522,12
2774,24,11.375,12
2775,22,12.954545454545455,12
2776,22,13.545454545454545,13
2777,23,13.478260869565217,13
2778,23,13.956521739130435,12
2779,20,16.65,12
2780,20,17.25,12
2781,22,16.227272727272727,12
2782,23,16.043478260869566,12
2783,24,15.875,12
2784,22,17.863636363636363,12
2785,23,17.695652173913043,14
2786,23,18.26086956521739,15
2787,22,19.5,12
2788,20,22.1,13
2789,19,24.0,14
2790,21,10.714285714285714,8
2791,23,0.34782608695652173,3
2792,23,0.5652173913043478,5
2793,27,0.7037037037037037,6
2794,28,1.0357142857142858,10
2795,30,1.2666666666666666,10
2796,28,1.8571428571428572,14
2797,28,2.4285714285714284,16
2798,28,3.0,16
2799,32,3.125,16
2800,32,3.65625,17
2801,31,4.32258064516129,17
2802,31,4.903225806451613,18
2803,29,5.896551724137931,19
2804,28,6.821428571428571,20
2805,29,6.862068965517241,19
2806,28,7.392857142857143,18
2807,25,7.96,16
2808,29,6.9655172413793105,15
2809,28,7.285714285714286,14
2810,30,7.266666666666667,14
2811,28,8.321428571428571,15
2812,29,8.620689655172415,17
2813,27,9.88888888888889,17
2814,26,10.846153846153847,17
2815,24,12.375,16
2816,24,13.041666666666666,16
2817,28,11.75,16
2818,28,12.357142857142858,17
2819,29,12.517241379310345,17
2820,27,14.11111111111111,18
2821,29,13.758620689655173,18
2822,27,15.481481481481481,19
2823,27,16.14814814814815,19
2824,26,17.46153846153846,19
2825,25,18.84,18
2826,26,18.807692307692307,18
2827,27,18.77777777777778,18
2828,29,18.137931034482758,19
2829,28,19.464285714285715,19
2830,29,19.379310344827587,19
2831,27,21.51851851851852,19
2832,27,22.14814814814815,19
2833,26,23.73076923076923,19
2834,25,25.44,19
2835,26,15.923076923076923,14
2836,25,8.2,9
2837,26,0.46153846153846156,4
2838,28,0.6071428571428571,5
2839,30,0.8333333333333334,8
2840,31,1.1612903225806452,11
2841,29,1.6206896551724137,11
2842,29,2.0689655172413794,13
2843,27,2.740740740740741,14
2844,30,2.933333333333333,14
2845,29,3.5517241379310347,15
2846,30,3.933333333333333,15
2847,27,4.925925925925926,15
2848,28,5.321428571428571,16
2849,27,6.148148148148148,17
2850,25,6.88,16
2851,24,7.416666666666667,15
2852,22,7.681818181818182,13
2853,26,6.115384615384615,11
2854,26,6.038461538461538,10
2855,26,6.423076923076923,10
2856,26,6.884615384615385,12
2857,23,8.304347826086957,12
2858,22,9.272727272727273,13
2859,22,9.772727272727273,12
2860,20,11.35,12
2861,20,11.95,12
2862,22,11.409090909090908,12
2863,23,11.434782608695652,12
2864,24,11.458333333333334,12
2865,24,12.0,13
2866,23,13.173913043478262,15
2867,23,13.73913043478261,15
2868,22,14.681818181818182,12
2869,22,15.272727272727273,13
2870,19,18.263157894736842,12
2871,22,16.318181818181817,12
2872,24,15.458333333333334,12
2873,22,17.40909090909091,12
2874,23,17.17391304347826,12
2875,23,17.73913043478261,13
2876,23,18.304347826086957,14
2877,23,18.73913043478261,12
2878,21,21.095238095238095,12
2879,19,24.05263157894737,14
2880,21,10.857142857142858,9
2881,22,0.4090909090909091,4
2882,25,0.56,5
2883,28,0.75,7
2884,28,1.0357142857142858,9
2885,27,1.5185185185185186,12
2886,28,2.0,15
2887,28,2.5,15
2888,27,3.185185185185185,16
2889,31,3.2903225806451615,16
2890,30,3.966666666666667,17
2891,31,4.387096774193548,17
2892,32,4.8125,18
2893,29,5.9655172413793105,19
2894,30,6.4,19
2895,29,7.310344827586207,20
2896,29,7.517241379310345,19
2897,26,8.576923076923077,18
2898,31,6.870967741935484,16
2899,30,7.133333333333334,15
2900,30,7.166666666666667,14
2901,29,7.931034482758621,15
2902,28,8.785714285714286,16
2903,27,9.703703703703704,18
2904,25,11.12,18
2905,24,12.166666666666666,16
2906,23,13.391304347826088,16
2907,27,12.0,16
2908,29,11.758620689655173,17
2909,28,12.785714285714286,17
2910,29,12.96551724137931,18
2911,28,14.107142857142858,20
2912,27,15.296296296296296,19
2913,26,16.5,18
2914,26,17.192307692307693,18
2915,26,17.884615384615383,18
2916,26,18.576923076923077,18
2917,27,18.555555555555557,18
2918,28,18.535714285714285,18
2919,28,19.214285714285715,19
2920,28,19.821428571428573,18
2921,27,21.25925925925926,19
2922,27,21.962962962962962,20
2923,26,23.5,19
2924,25,25.24,20
2925,26,15.846153846153847,15
2926,25,8.2,9
2927,26,0.5384615384615384,4
2928,27,0.7037037037037037,5
2929,30,0.8333333333333334,6
2930,31,1.1612903225806452,11
2931,28,1.6071428571428572,11
2932,28,2.107142857142857,14
2933,28,2.642857142857143,15
2934,31,2.870967741935484,15
2935,29,3.586206896551724,15
2936,29,4.103448275862069,15
2937,28,4.821428571428571,16
2938,26,5.8076923076923075,16
2939,27,5.814814814814815,16
2940,24,6.791666666666667,15
2941,24,6.416666666666667,13
2942,23,6.695652173913044,12
2943,28,5.5,11
2944,27,5.666666666666667,10
2945,25,6.52,10
2946,26,6.6923076923076925,11
2947,25,7.44,12
2948,25,7.88,12
2949,22,9.5,12
2950,21,10.523809523809524,12
2951,21,11.095238095238095,12
2952,22,11.136363636363637,12
2953,24,10.708333333333334,12
2954,24,11.208333333333334,12
2955,24,11.75,13
2956,22,13.454545454545455,14
2957,23,13.304347826086957,13
2958,21,15.095238095238095,12
2959,21,15.666666666666666,12
2960,20,17.05,12
2961,22,16.045454545454547,12
2962,23,15.869565217391305,12
2963,24,15.708333333333334,12
2964,22,17.727272727272727,13
2965,23,17.52173913043478,13
2966,22,18.772727272727273,12
2967,21,20.285714285714285,13
2968,19,23.105263157894736,13
2969,19,23.894736842105264,15
2970,21,10.761904761904763,9
2971,22,0.5909090909090909,5
2972,25,0.76,6
2973,28,1.0,9
2974,28,1.3571428571428572,11
2975,29,1.7241379310344827,12
2976,28,2.2857142857142856,14
2977,26,3.076923076923077,16
2978,27,3.5555555555555554,16
2979,32,3.5,16
2980,31,4.161290322580645,17
2981,32,4.5625,17
2982,30,5.466666666666667,18
2983,29,6.275862068965517,18
2984,28,7.178571428571429,19
2985,28,7.892857142857143,20
2986,27,7.888888888888889,18
2987,26,7.8076923076923075,16
2988,29,6.689655172413793,14
2989,29,7.172413793103448,14
2990,30,7.4,14
2991,29,8.172413793103448,15
2992,28,9.107142857142858,18
2993,27,9.925925925925926,16
2994,24,11.833333333333334,16
2995,24,12.5,16
2996,23,13.73913043478261,16
2997,28,11.857142857142858,16
2998,28,12.464285714285714,17
2999,28,13.071428571428571,17
3000,28,13.714285714285714,18
3001,27,14.962962962962964,20
3002,28,15.0,19
3003,26,16.807692307692307,18
3004,26,17.5,18
3005,24,19.708333333333332,18
3006,27,18.185185185185187,18
3007,27,18.85185185185185,18
3008,28,18.821428571428573,18
3009,28,19.464285714285715,18
3010,28,20.178571428571427,20
3011,28,20.785714285714285,19
3012,26,23.03846153846154,18
3013,26,23.73076923076923,18
3014,25,25.48,20
3015,26,16.0,15
3016,26,7.961538461538462,10
3017,26,0.5384615384615384,5
3018,27,0.7407407407407407,6
3019,30,0.9666666666666667,9
3020,31,1.2580645161290323,10
3021,29,1.793103448275862,13
3022,28,2.392857142857143,15
3023,28,2.9285714285714284,15
3024,31,3.129032258064516,15
3025,30,3.7333333333333334,15
3026,29,4.379310344827586,15
3027,27,5.2592592592592595,15
3028,27,5.851851851851852,16
3029,26,6.730769230769231,17
3030,25,7.16,16
3031,24,6.958333333333333,14
3032,22,7.090909090909091,12
3033,27,5.333333333333333,10
3034,28,5.5,10
3035,27,6.074074074074074,10
3036,25,7.04,12
3037,24,7.916666666666667,14
3038,23,8.695652173913043,13
3039,21,10.047619047619047,12
3040,19,11.736842105263158,12
3041,20,11.75,12
3042,22,11.227272727272727,12
3043,23,11.26086956521739,12
3044,24,11.291666666666666,12
3045,22,12.863636363636363,12
3046,22,13.454545454545455,13
3047,23,13.347826086956522,12
3048,21,15.19047619047619,12
3049,20,16.55,12
3050,20,17.15,12
3051,22,16.136363636363637,12
3052,23,15.956521739130435,12
3053,24,15.791666666666666,12
3054,22,17.772727272727273,12
3055,23,17.608695652173914,14
3056,23,18.043478260869566,12
3057,21,20.333333333333332,12
3058,19,23.105263157894736,12
3059,19,23.842105263157894,14
3060,21,10.666666666666666,8
3061,21,0.3333333333333333,3
3062,25,0.44,4
3063,28,0.6071428571428571,6
3064,28,0.8928571428571429,8
3065,27,1.2592592592592593,9
3066,28,1.6785714285714286,13
3067,27,2.2962962962962963,15
3068,28,2.7857142857142856,16
3069,32,2.9375,16
3070,32,3.46875,17
3071,32,4.03125,18
3072,31,4.709677419354839,18
3073,30,5.466666666666667,18
3074,29,6.275862068965517,18
3075,28,6.785714285714286,19
3076,26,7.615384615384615,18
3077,26,7.346153846153846,16
3078,29,6.655172413793103,15
3079,31,6.258064516129032,14
3080,30,6.933333333333334,14
3081,28,7.928571428571429,14
3082,27,8.814814814814815,16
3083,28,9.035714285714286,16
3084,24,11.208333333333334,16
3085,24,11.875,16
3086,23,13.08695652173913,16
3087,28,11.321428571428571,16
3088,28,11.928571428571429,17
3089,28,12.535714285714286,17
3090,27,13.62962962962963,17
3091,27,14.296296296296296,18
3092,28,14.464285714285714,19
3093,26,16.23076923076923,18
3094,26,16.923076923076923,18
3095,26,17.615384615384617,18
3096,28,17.0,18
3097,29,17.03448275862069,18
3098,28,18.285714285714285,18
3099,27,19.666666666666668,19
3100,28,19.642857142857142,19
3101,27,21.0,19
3102,26,22.46153846153846,18
3103,25,24.08,18
3104,24,25.916666666666668,20
3105,26,15.653846153846153,15
3106,25,8.12,10
3107,26,0.5,4
3108,26,0.6538461538461539,4
3109,30,0.7666666666666667,6
3110,31,1.032258064516129,9
3111,30,1.4333333333333333,11
3112,27,2.037037037037037,12
3113,27,2.5555555555555554,14
3114,32,2.625,15
3115,29,3.413793103448276,15
3116,29,3.9310344827586206,15
3117,27,4.777777777777778,15
3118,27,5.407407407407407,17
3119,26,6.269230769230769,17
3120,24,7.041666666666667,16
3121,24,7.291666666666667,15
3122,25,6.64,13
3123,28,5.928571428571429,12
3124,28,5.928571428571429,11
3125,26,6.346153846153846,10
3126,26,6.8076923076923075,12
3127,24,7.916666666666667,13
3128,24,8.375,12
3129,21,10.142857142857142,12
3130,20,11.25,12
3131,21,11.285714285714286,12
3132,22,11.318181818181818,12
3133,22,11.863636363636363,12
3134,24,11.375,12
3135,22,12.954545454545455,12
3136,22,13.590909090909092,14
3137,23,13.478260869565217,13
3138,21,15.285714285714286,12
3139,20,16.65,12
3140,20,17.25,12
3141,22,16.227272727272727,12
3142,23,16.043478260869566,12
3143,24,15.875,12
3144,22,17.90909090909091,13
3145,22,18.545454545454547,14
3146,23,18.217391304347824,14
3147,21,20.476190476190474,13
3148,20,22.05,12
3149,20,22.7,13
3150,21,10.714285714285714,8
3151,21,0.3333333333333333,4
3152,24,0.5,5
3153,27,0.7407407407407407,8
3154,28,1.0,9
3155,30,1.3333333333333333,12
3156,28,1.9642857142857142,15
3157,28,2.5357142857142856,16
3158,28,3.107142857142857,16
3159,31,3.3225806451612905,16
3160,32,3.75,17
3161,32,4.3125,18
3162,30,5.2,18
3163,29,6.0,18
3164,30,6.433333333333334,19
3165,27,7.888888888888889,20
3166,27,8.62962962962963,20
3167,28,8.0,18
3168,29,7.379310344827586,16
3169,30,6.733333333333333,14
3170,30,7.2,14
3171,29,7.931034482758621,14
3172,29,8.517241379310345,17
3173,28,9.392857142857142,17
3174,25,11.12,16
3175,23,12.782608695652174,16
3176,23,13.478260869565217,16
3177,28,11.642857142857142,16
3178,28,12.25,17
3179,28,12.857142857142858,17
3180,26,14.538461538461538,18
3181,27,14.703703703703704,19
3182,26,15.884615384615385,18
3183,26,16.576923076923077,18
3184,25,17.96,18
3185,25,18.68,18
3186,28,17.321428571428573,18
3187,27,18.62962962962963,18
3188,29,18.0,19
3189,28,19.321428571428573,19
3190,28,19.964285714285715,20
3191,27,21.37037037037037,20
3192,26,22.807692307692307,18
3193,26,23.53846153846154,19
3194,25,25.28,20
3195,26,15.923076923076923,15
3196,25,8.28,10
3197,26,0.5384615384615384,4
3198,26,0.7692307692307693,6
3199,31,0.8709677419354839,7
3200,31,1.1935483870967742,10
3201,28,1.7857142857142858,13
3202,29,2.1724137931034484,13
3203,28,2.7857142857142856,15
3204,31,3.0,15
3205,29,3.7241379310344827,15
3206,29,4.241379310344827,15
3207,27,5.111111111111111,15
3208,27,5.666666666666667,15
3209,27,6.296296296296297,17
3210,26,6.730769230769231,16
3211,25,7.2,15
3212,23,8.043478260869565,14
3213,29,6.310344827586207,13
3214,28,6.464285714285714,12
3215,25,7.16,12
3216,26,6.846153846153846,12
3217,24,7.916666666666667,12
3218,22,9.227272727272727,13
3219,22,9.727272727272727,12
3220,20,11.3,12
3221,20,11.9,12
3222,22,11.363636363636363,12
3223,23,11.391304347826088,12
3224,24,11.416666666666666,12
3225,23,12.434782608695652,12
3226,22,13.590909090909092,13
3227,23,13.565217391304348,13
3228,23,14.0,12
3229,22,15.181818181818182,12
3230,20,17.3,12
3231,22,16.272727272727273,12
3232,22,16.818181818181817,12
3233,24,15.916666666666666,12
3234,23,17.130434782608695,12
3235,22,18.5,13
3236,23,18.217391304347824,13
3237,22,19.545454545454547,12
3238,21,21.095238095238095,13
3239,20,22.8,13
3240,21,10.80952380952381,8
3241,21,0.38095238095238093,4
3242,24,0.5,4
3243,27,0.7407407407407407,8
3244,28,0.9642857142857143,8
3245,28,1.3571428571428572,11
3246,28,1.75,11
3247,27,2.3703703703703702,15
3248,28,2.857142857142857,16
3249,32,3.0,16
3250,32,3.53125,17
3251,31,4.193548387096774,17
3252,30,4.9,17
3253,30,5.466666666666667,17
3254,29,6.310344827586207,19
3255,27,7.037037037037037,19
3256,26,7.076923076923077,17
3257,26,6.884615384615385,15
3258,29,6.275862068965517,14
3259,31,6.32258064516129,14
3260,31,6.774193548387097,14
3261,30,7.5,15
3262,28,8.571428571428571,15
3263,28,9.142857142857142,18
3264,25,10.84,17
3265,24,11.916666666666666,16
3266,23,13.130434782608695,16
3267,27,11.777777777777779,16
3268,29,11.551724137931034,17
3269,28,12.571428571428571,17
3270,29,12.758620689655173,18
3271,28,13.892857142857142,19
3272,28,14.535714285714286,19
3273,27,15.74074074074074,19
3274,26,17.0,18
3275,24,19.166666666666668,18
3276,26,18.384615384615383,18
3277,29,17.103448275862068,18
3278,28,18.357142857142858,18
3279,28,19.035714285714285,19
3280,28,19.75,20
3281,28,20.285714285714285,18
3282,26,22.53846153846154,18
3283,26,23.26923076923077,19
3284,25,25.0,20
3285,26,15.692307692307692,16
3286,25,8.2,10
3287,26,0.5769230769230769,4
3288,27,0.8148148148148148,7
3289,30,1.0,8
3290,31,1.2258064516129032,9
3291,30,1.7,13
3292,29,2.2413793103448274,14
3293,28,2.857142857142857,15
3294,31,3.064516129032258,15
3295,30,3.6666666666666665,15
3296,30,4.166666666666667,15
3297,27,5.185185185185185,15
3298,26,6.038461538461538,17
3299,27,6.0,16
3300,24,7.0,15
3301,24,6.625,13
3302,22,7.2272727272727275,12
3303,27,5.851851851851852,11
3304,25,6.28,10
3305,26,6.461538461538462,11
3306,24,7.5,12
3307,24,8.083333333333334,14
3308,23,9.0,14
3309,22,9.818181818181818,13
3310,21,10.80952380952381,12
3311,21,11.380952380952381,12
3312,22,11.409090909090908,12
3313,22,11.954545454545455,12
3314,24,11.458333333333334,12
3315,23,12.478260869565217,12
3316,22,13.636363636363637,13
3317,23,13.608695652173912,13
3318,22,14.681818181818182,12
3319,21,16.0,13
3320,20,17.4,13
3321,22,16.318181818181817,12
3322,22,16.863636363636363,12
3323,24,15.958333333333334,12
3324,23,17.17391304347826,12
3325,22,18.545454545454547,13
3326,22,19.136363636363637,13
3327,22,19.59090909090909,12
3328,21,21.142857142857142,13
3329,21,21.80952380952381,14
3330,21,10.904761904761905,10
3331,23,0.4782608695652174,4
3332,24,0.6666666666666666,5
3333,27,0.8518518518518519,7
3334,28,1.1428571428571428,9
3335,29,1.4482758620689655,10
3336,28,2.0357142857142856,15
3337,27,2.6666666666666665,15
3338,28,3.142857142857143,16
3339,32,3.25,16
3340,31,3.903225806451613,17
3341,31,4.483870967741935,18
3342,28,5.607142857142857,18
3343,29,6.0344827586206895,18
3344,29,6.689655172413793,19
3345,27,7.444444444444445,19
3346,26,8.038461538461538,18
3347,27,7.518518518518518,16
3348,29,7.103448275862069,15
3349,30,6.9,14
3350,30,7.366666666666666,14
3351,29,8.137931034482758,15
3352,28,9.035714285714286,17
3353,27,10.0,18
3354,25,11.32,16
3355,24,12.458333333333334,16
3356,24,13.125,16
3357,28,11.821428571428571,16
3358,29,12.0,17
3359,30,12.166666666666666,17
3360,28,13.714285714285714,19
3361,28,14.321428571428571,18
3362,27,15.518518518518519,18
3363,27,16.22222222222222,19
3364,26,17.5,18
3365,26,18.192307692307693,18
3366,27,18.185185185185187,18
3367,28,18.178571428571427,18
3368,28,18.821428571428573,18
3369,28,19.464285714285715,18
3370,28,20.107142857142858,18
3371,27,21.555555555555557,19
3372,26,23.03846153846154,18
3373,26,23.76923076923077,19
3374,24,26.583333333333332,20
3375,26,16.153846153846153,16
3376,24,8.791666666666666,10
3377,26,0.6153846153846154,5
3378,28,0.75,5
3379,30,1.0333333333333334,10
3380,31,1.2903225806451613,10
3381,30,1.7,11
3382,29,2.206896551724138,13
3383,28,2.8214285714285716,15
3384,32,2.9375,15
3385,30,3.6333333333333333,15
3386,29,4.275862068965517,15
3387,29,4.827586206896552,16
3388,27,5.814814814814815,17
3389,27,6.444444444444445,17
3390,25,6.6,15
3391,24,6.458333333333333,13
3392,22,6.681818181818182,11
3393,27,5.444444444444445,10
3394,28,5.607142857142857,10
3395,26,6.461538461538462,11
3396,26,6.923076923076923,12
3397,25,7.72,13
3398,23,8.91304347826087,13
3399,22,9.863636363636363,13
3400,20,11.4,12
3401,20,12.0,12
3402,22,11.454545454545455,12
3403,23,11.478260869565217,12
3404,24,11.5,12
3405,24,12.0,12
3406,22,13.681818181818182,13
3407,23,13.608695652173912,13
3408,22,14.727272727272727,12
3409,21,16.0,12
3410,22,15.818181818181818,12
3411,23,15.652173913043478,12
3412,23,16.17391304347826,12
3413,23,16.695652173913043,12
3414,23,17.217391304347824,12
3415,22,18.545454545454547,12
3416,22,19.136363636363637,13
3417,22,19.681818181818183,13
3418,20,22.2,12
3419,19,24.0,12
3420,21,10.666666666666666,8
3421,22,0.22727272727272727,3
3422,25,0.36,4
3423,28,0.5714285714285714,7
3424,28,0.9285714285714286,10
3425,30,1.2,11
3426,28,1.7857142857142858,14
3427,27,2.4074074074074074,15
3428,28,2.892857142857143,16
3429,31,3.064516129032258,15
3430,30,3.7,16
3431,32,3.96875,16
3432,32,4.46875,16
3433,30,5.333333333333333,17
3434,30,5.966666666666667,19
3435,29,6.862068965517241,20
3436,27,7.592592592592593,19
3437,26,7.5,17
3438,31,5.935483870967742,15
3439,31,5.967741935483871,14
3440,30,6.633333333333334,14
3441,30,7.166666666666667,16
3442,30,7.7,16
3443,26,9.576923076923077,18
3444,25,10.6,17
3445,25,11.28,17
3446,25,11.96,17
3447,27,11.703703703703704,17
3448,30,11.133333333333333,18
3449,28,12.607142857142858,19
3450,29,12.862068965517242,20
3451,28,13.964285714285714,20
3452,27,15.074074074074074,19
3453,26,16.307692307692307,18
3454,26,17.0,18
3455,25,18.4,18
3456,27,17.703703703703702,18
3457,27,18.37037037037037,18
3458,28,18.357142857142858,18
3459,28,19.035714285714285,19
3460,28,19.642857142857142,18
3461,27,21.037037037037038,18
3462,26,22.53846153846154,18
3463,25,24.2,19
3464,25,25.0,20
3465,26,15.76923076923077,15
3466,25,8.2,10
3467,26,0.5384615384615384,4
3468,27,0.7037037037037037,5
3469,29,0.9310344827586207,8
3470,30,1.1333333333333333,8
3471,31,1.4516129032258065,11
3472,29,1.9655172413793103,12
3473,28,2.5357142857142856,14
3474,31,2.774193548387097,15
3475,31,3.2580645161290325,15
3476,29,4.0,15
3477,29,4.517241379310345,15
3478,27,5.444444444444445,16
3479,27,6.074074074074074,17
3480,26,6.461538461538462,16
3481,24,7.208333333333333,15
3482,23,7.739130434782608,14
3483,29,6.103448275862069,13
3484,29,6.068965517241379,12
3485,25,7.0,11
3486,26,6.653846153846154,10
3487,25,7.44,13
3488,22,9.045454545454545,13
3489,22,9.5,12
3490,20,11.05,12
3491,20,11.65,12
3492,22,11.136363636363637,12
3493,23,11.173913043478262,12
3494,24,11.208333333333334,12
3495,23,12.217391304347826,12
3496,22,13.363636363636363,13
3497,22,13.909090909090908,13
3498,22,14.409090909090908,12
3499,22,14.954545454545455,12
3500,20,17.1,13
3501,22,16.045454545454547,12
3502,23,15.869565217391305,12
3503,24,15.708333333333334,12
3504,23,16.91304347826087,12
3505,22,18.272727272727273,13
3506,23,17.956521739130434,12
3507,22,19.318181818181817,12
3508,20,21.85,12
3509,19,23.68421052631579,13
3510,21,10.571428571428571,9
3511,24,0.3333333333333333,4
3512,23,0.6086956521739131,6
3513,27,0.7777777777777778,7
3514,28,1.0357142857142858,8
3515,30,1.3,10
3516,28,1.8571428571428572,13
3517,28,2.392857142857143,15
3518,28,2.9642857142857144,16
3519,32,3.09375,16
3520,32,3.625,17
3521,32,4.1875,18
3522,30,5.066666666666666,18
3523,30,5.7,19
3524,29,6.586206896551724,20
3525,27,7.333333333333333,19
3526,26,7.884615384615385,18
3527,25,7.88,16
3528,30,6.666666666666667,15
3529,31,6.548387096774194,14
3530,29,7.482758620689655,14
3531,29,7.9655172413793105,14
3532,30,8.2,15
3533,27,9.74074074074074,17
3534,25,11.12,16
3535,23,12.782608695652174,16
3536,23,13.478260869565217,16
3537,29,11.241379310344827,16
3538,29,11.827586206896552,17
3539,28,12.892857142857142,18
3540,30,12.666666666666666,19
3541,28,14.285714285714286,20
3542,28,14.821428571428571,18
3543,26,16.692307692307693,19
3544,25,18.04,18
3545,24,19.541666666666668,18
3546,28,17.392857142857142,18
3547,30,16.833333333333332,18
3548,28,18.678571428571427,18
3549,29,18.655172413793103,18
3550,27,20.77777777777778,20
3551,28,20.642857142857142,19
3552,26,22.884615384615383,18
3553,26,23.576923076923077,18
3554,25,25.28,19
3555,26,15.923076923076923,15
3556,26,7.961538461538462,9
3557,26,0.4230769230769231,4
3558,27,0.5925925925925926,5
3559,30,0.7666666666666667,7
3560,31,1.064516129032258,10
3561,29,1.5517241379310345,12
3562,28,2.0714285714285716,13
3563,28,2.607142857142857,15
3564,30,2.9,15
3565,30,3.4,15
3566,30,3.9,15
3567,29,4.586206896551724,16
3568,27,5.518518518518518,16
3569,26,6.346153846153846,16
3570,26,6.5,16
3571,24,7.208333333333333,15
3572,23,7.739130434782608,14
3573,29,6.103448275862069,13
3574,28,6.25,12
3575,25,6.92,11
3576,26,6.615384615384615,11
3577,24,7.666666666666667,12
3578,22,8.909090909090908,12
3579,21,9.904761904761905,12
3580,20,11.0,12
3581,20,11.6,12
3582,22,11.090909090909092,12
3583,23,11.130434782608695,12
3584,24,11.166666666666666,12
3585,22,12.727272727272727,12
3586,22,13.318181818181818,13
3587,23,13.217391304347826,12
3588,22,14.363636363636363,12
3589,20,16.4,12
3590,20,17.0,12
3591,22,16.0,12
3592,23,15.826086956521738,12
3593,24,15.666666666666666,12
3594,22,17.727272727272727,14
3595,23,17.565217391304348,14
3596,23,18.0,14
3597,21,20.19047619047619,12
3598,20,21.85,13
3599,19,23.68421052631579,13
